episode,reward,length,epsilon,moving_avg_reward,moving_avg_length
0,180.0,99,1.0,180.0,99.0
1,240.0,99,0.9901493354116763,210.0,99.0
2,60.0,99,0.9803966865736877,160.0,99.0
3,210.0,99,0.970741078213023,172.5,99.0
4,150.0,99,0.9611815447608,168.0,99.0
5,120.0,99,0.9517171302557069,160.0,99.0
6,170.0,99,0.9423468882484062,161.42857142857142,99.0
7,210.0,99,0.9330698817068886,167.5,99.0
8,150.0,99,0.9238851829227694,165.55555555555554,99.0
9,30.0,99,0.9147918734185159,152.0,99.0
10,90.0,99,0.9057890438555999,146.36363636363637,99.0
11,60.0,99,0.896875793943563,139.16666666666666,99.0
12,30.0,99,0.888051232349986,130.76923076923077,99.0
13,60.0,99,0.8793144766113556,125.71428571428571,99.0
14,60.0,99,0.8706646530448178,121.33333333333333,99.0
15,60.0,99,0.8621008966608072,117.5,99.0
16,120.0,99,0.8536223510765493,117.6470588235294,99.0
17,260.0,99,0.8452281684304199,125.55555555555556,99.0
18,350.0,99,0.8369175092971592,137.3684210526316,99.0
19,60.0,99,0.8286895426039287,133.5,99.0
20,60.0,99,0.820543445547202,130.0,99.0
21,180.0,99,0.8124784035104852,132.27272727272728,99.0
22,180.0,99,0.8044936099828537,134.34782608695653,99.0
23,180.0,99,0.7965882664783007,136.25,99.0
24,60.0,99,0.7887615824558878,133.2,99.0
25,180.0,99,0.7810127752406908,135.0,99.0
26,40.0,99,0.7733410699455306,131.4814814814815,99.0
27,140.0,99,0.7657456993934846,131.78571428571428,99.0
28,190.0,99,0.7582259040411682,133.79310344827587,99.0
29,60.0,99,0.7507809319027796,131.33333333333334,99.0
30,120.0,99,0.7434100384749007,130.96774193548387,99.0
31,180.0,99,0.7361124866620463,132.5,99.0
32,60.0,99,0.7288875467029541,130.3030303030303,99.0
33,0.0,99,0.7217344960976069,126.47058823529412,99.0
34,180.0,99,0.7146526195349836,128.0,99.0
35,30.0,99,0.7076412088215263,125.27777777777777,99.0
36,100.0,99,0.7006995628103208,124.5945945945946,99.0
37,90.0,99,0.6938269873309811,123.6842105263158,99.0
38,30.0,99,0.6870227951202322,121.28205128205128,99.0
39,30.0,99,0.680286305753183,119.0,99.0
40,150.0,99,0.6736168455752829,119.7560975609756,99.0
41,60.0,99,0.6670137476349562,118.33333333333333,99.0
42,120.0,99,0.6604763516169062,118.37209302325581,99.0
43,120.0,99,0.6540040037760834,118.4090909090909,99.0
44,90.0,99,0.6475960568723099,117.77777777777777,99.0
45,120.0,99,0.6412518701055556,117.82608695652173,99.0
46,60.0,99,0.6349708090518567,116.59574468085107,99.0
47,60.0,99,0.6287522455998737,115.41666666666667,99.0
48,70.0,99,0.6225955578880794,114.48979591836735,99.0
49,90.0,99,0.616500130242572,114.0,99.0
50,30.0,99,0.6104653531155071,112.3529411764706,99.0
51,60.0,99,0.6044906230241432,111.34615384615384,99.0
52,150.0,99,0.5985753424904924,112.0754716981132,99.0
53,150.0,99,0.5927189199815717,112.77777777777777,99.0
54,30.0,99,0.5869207698502498,111.27272727272727,99.0
55,60.0,99,0.5811803122766818,110.35714285714286,99.0
56,150.0,99,0.5754969732103268,111.05263157894737,99.0
57,150.0,99,0.5698701843125418,111.72413793103448,99.0
58,0.0,99,0.564299382899748,109.83050847457628,99.0
59,60.0,99,0.558784011887162,109.0,99.0
60,230.0,99,0.5533235197330861,110.98360655737704,99.0
61,30.0,99,0.5479173603837548,109.6774193548387,99.0
62,60.0,99,0.5425649932187278,108.88888888888889,99.0
63,90.0,99,0.5372658829968282,108.59375,99.0
64,90.0,99,0.5320194998026181,108.3076923076923,99.0
65,30.0,99,0.5268253189934059,107.12121212121212,99.0
66,60.0,99,0.5216828211467822,106.41791044776119,99.0
67,210.0,99,0.516591492008677,107.94117647058823,99.0
68,120.0,99,0.5115508224419336,108.1159420289855,99.0
69,120.0,99,0.5065603083753949,108.28571428571429,99.0
70,60.0,99,0.5016194507534953,107.6056338028169,99.0
71,90.0,99,0.49672775548635545,107.36111111111111,99.0
72,60.0,99,0.491884733400372,106.71232876712328,99.0
73,60.0,99,0.48708990018930043,106.08108108108108,99.0
74,30.0,99,0.48234277636582407,105.06666666666666,99.0
75,60.0,99,0.47764288721360454,104.47368421052632,99.0
76,90.0,99,0.47298976273981014,104.28571428571429,99.0
77,100.0,99,0.4683829376281158,104.23076923076923,99.0
78,60.0,99,0.4638219511921713,103.67088607594937,99.0
79,150.0,99,0.45930634732953224,104.25,99.0
80,60.0,99,0.45483567447604933,103.70370370370371,99.0
81,150.0,99,0.4504094855607117,104.26829268292683,99.0
82,120.0,99,0.44602733796093924,104.4578313253012,99.0
83,60.0,99,0.4416887934583202,103.92857142857143,99.0
84,120.0,99,0.43739341819478894,104.11764705882354,99.0
85,90.0,99,0.4331407826292394,103.95348837209302,99.0
86,90.0,99,0.4289304614945713,103.79310344827586,99.0
87,90.0,99,0.42476203375516264,103.63636363636364,99.0
88,120.0,99,0.42063508256476556,103.82022471910112,99.0
89,60.0,99,0.41654919522482203,103.33333333333333,99.0
90,90.0,99,0.4125039631431931,103.18681318681318,99.0
91,90.0,99,0.40849898179329963,103.04347826086956,99.0
92,30.0,99,0.404533850673669,102.25806451612904,99.0
93,90.0,99,0.40060817326788506,102.12765957446808,99.0
94,90.0,99,0.3967215570049359,102.0,99.0
95,120.0,99,0.3928736132199562,102.1875,99.0
96,120.0,99,0.3890639571153609,102.37113402061856,99.0
97,90.0,99,0.38529220772236483,102.24489795918367,99.0
98,90.0,99,0.38155798786288553,102.12121212121212,99.0
99,90.0,99,0.37786092411182526,102.0,99.0
100,120.0,99,0.3742006467597279,101.4,99.0
101,120.0,99,0.3705767897758081,100.2,99.0
102,60.0,99,0.3669889907713475,100.2,99.0
103,60.0,99,0.36343689096345594,98.7,99.0
104,90.0,99,0.35992013513919235,98.1,99.0
105,120.0,99,0.35643837162004377,98.1,99.0
106,60.0,99,0.3529912522267568,97.0,99.0
107,30.0,99,0.34957843224451957,95.2,99.0
108,60.0,99,0.34619957038848975,94.3,99.0
109,60.0,99,0.342854328769666,94.6,99.0
110,60.0,99,0.3395423728610988,94.3,99.0
111,60.0,99,0.33626337146443713,94.3,99.0
112,160.0,99,0.33301699667680906,95.6,99.0
113,60.0,99,0.3298029238580304,95.6,99.0
114,150.0,99,0.3266208315981408,96.5,99.0
115,130.0,99,0.32347040168526264,97.2,99.0
116,60.0,99,0.3203513190737793,96.6,99.0
117,100.0,99,0.3172632718528302,95.0,99.0
118,100.0,99,0.31420595121511996,92.5,99.0
119,60.0,99,0.311179051426037,92.5,99.0
120,120.0,99,0.30818226979308005,93.1,99.0
121,60.0,99,0.3052153066355885,91.9,99.0
122,90.0,99,0.30227786525477407,91.0,99.0
123,60.0,99,0.29936965190405085,89.8,99.0
124,60.0,99,0.29649037575966014,89.8,99.0
125,60.0,99,0.29363974889158817,88.6,99.0
126,120.0,99,0.2908174862347727,89.4,99.0
127,90.0,99,0.28802330556059597,88.9,99.0
128,60.0,99,0.2852569274486622,87.6,99.0
129,90.0,99,0.2825180752588548,87.9,99.0
130,60.0,99,0.27980647510367246,87.3,99.0
131,60.0,99,0.2771218558208399,86.1,99.0
132,60.0,99,0.27446394894619186,86.1,99.0
133,120.0,99,0.27183248868682575,87.3,99.0
134,60.0,99,0.26922721189452276,86.1,99.0
135,150.0,99,0.2666478580394326,87.3,99.0
136,150.0,99,0.26409416918402034,87.8,99.0
137,90.0,99,0.26156588995727226,87.8,99.0
138,60.0,99,0.2590627675291589,88.1,99.0
139,60.0,99,0.2565845515853515,88.4,99.0
140,120.0,99,0.2541309943021904,88.1,99.0
141,60.0,99,0.25170185032190273,88.1,99.0
142,60.0,99,0.24929687672806608,87.5,99.0
143,60.0,99,0.246915833021317,86.9,99.0
144,60.0,99,0.24455848109530054,86.6,99.0
145,120.0,99,0.2422245852128597,86.6,99.0
146,60.0,99,0.23991391198246126,86.6,99.0
147,260.0,99,0.2376262303348566,88.6,99.0
148,120.0,99,0.2353613114999746,89.1,99.0
149,90.0,99,0.23311892898404435,89.1,99.0
150,60.0,99,0.23089885854694553,89.4,99.0
151,60.0,99,0.22870087817978443,89.4,99.0
152,90.0,99,0.22652476808269262,88.8,99.0
153,90.0,99,0.22437031064284702,88.2,99.0
154,120.0,99,0.22223729041270818,89.1,99.0
155,90.0,99,0.22012549408847562,89.4,99.0
156,90.0,99,0.21803471048875708,88.8,99.0
157,90.0,99,0.21596473053345028,88.2,99.0
158,90.0,99,0.21391534722283462,89.1,99.0
159,60.0,99,0.2118863556168713,89.1,99.0
160,90.0,99,0.20987755281470882,87.7,99.0
161,60.0,99,0.20788873793439305,88.0,99.0
162,60.0,99,0.2059197120927785,88.0,99.0
163,90.0,99,0.20397027838564022,88.0,99.0
164,90.0,99,0.20204024186798297,88.0,99.0
165,60.0,99,0.20012940953454655,88.3,99.0
166,60.0,99,0.1982375903005053,88.3,99.0
167,120.0,99,0.1963645949823593,87.4,99.0
168,90.0,99,0.19451023627901587,87.1,99.0
169,90.0,99,0.19267432875305937,86.8,99.0
170,180.0,99,0.19085668881220733,88.0,99.0
171,100.0,99,0.1890571346909509,88.1,99.0
172,60.0,99,0.1872754864323783,88.1,99.0
173,60.0,99,0.18551156587017903,88.1,99.0
174,60.0,99,0.1837651966108269,88.4,99.0
175,60.0,99,0.1820362040159407,88.4,99.0
176,60.0,99,0.18032441518482004,88.1,99.0
177,60.0,99,0.17862965893715535,87.7,99.0
178,120.0,99,0.17695176579590954,88.3,99.0
179,60.0,99,0.1752905679703703,87.4,99.0
180,60.0,99,0.17364589933937066,87.4,99.0
181,60.0,99,0.172017595434677,86.5,99.0
182,160.0,99,0.17040549342454195,86.9,99.0
183,120.0,99,0.16880943209742102,87.5,99.0
184,60.0,99,0.16722925184585147,86.9,99.0
185,90.0,99,0.16566479465049133,86.9,99.0
186,30.0,99,0.1641159040643173,86.3,99.0
187,120.0,99,0.1625824251969801,86.6,99.0
188,60.0,99,0.161064204699315,86.0,99.0
189,120.0,99,0.15956109074800714,86.6,99.0
190,90.0,99,0.1580729330304087,86.6,99.0
191,120.0,99,0.15659958272950783,86.9,99.0
192,120.0,99,0.15514089250904667,87.8,99.0
193,60.0,99,0.1536967164987875,87.5,99.0
194,90.0,99,0.1522669102799259,87.5,99.0
195,90.0,99,0.15085133087064845,87.2,99.0
196,120.0,99,0.14944983671183457,87.2,99.0
197,60.0,99,0.14806228765290044,86.9,99.0
198,60.0,99,0.1466885449377839,86.6,99.0
199,60.0,99,0.14532847119106862,86.3,99.0
200,60.0,99,0.1439819304042466,85.7,99.0
201,90.0,99,0.14264878792211688,85.4,99.0
202,60.0,99,0.1413289104293205,85.4,99.0
203,120.0,99,0.14002216593700811,86.0,99.0
204,60.0,99,0.13872842376964165,85.7,99.0
205,60.0,99,0.1374475545519262,85.1,99.0
206,90.0,99,0.13617943019587256,85.4,99.0
207,120.0,99,0.13492392388798838,86.3,99.0
208,60.0,99,0.13368091007659658,86.3,99.0
209,60.0,99,0.1324502644592803,86.3,99.0
210,60.0,99,0.13123186397045208,86.3,99.0
211,120.0,99,0.13002558676904785,86.9,99.0
212,60.0,99,0.12883131222634217,85.9,99.0
213,60.0,99,0.12764892091388555,85.9,99.0
214,60.0,99,0.1264782945915614,85.0,99.0
215,60.0,99,0.125319316195762,84.3,99.0
216,120.0,99,0.12417186982768189,84.9,99.0
217,60.0,99,0.12303584074172813,84.5,99.0
218,120.0,99,0.12191111533404535,84.7,99.0
219,120.0,99,0.12079758113115559,85.3,99.0
220,60.0,99,0.11969512677871053,84.7,99.0
221,60.0,99,0.11860364203035628,84.7,99.0
222,120.0,99,0.11752301773670837,85.0,99.0
223,90.0,99,0.116453145834437,85.3,99.0
224,60.0,99,0.11539391933546027,85.3,99.0
225,60.0,99,0.11434523231624569,85.3,99.0
226,60.0,99,0.11330697990721733,84.7,99.0
227,120.0,99,0.1122790582822692,85.0,99.0
228,90.0,99,0.11126136464838206,85.3,99.0
229,60.0,99,0.11025379723534455,85.0,99.0
230,60.0,99,0.10925625528557566,85.0,99.0
231,60.0,99,0.1082686390440492,85.0,99.0
232,60.0,99,0.10729084974831793,85.0,99.0
233,60.0,99,0.10632278961863742,84.4,99.0
234,60.0,99,0.10536436184818809,84.4,99.0
235,60.0,99,0.10441547059339411,83.5,99.0
236,60.0,99,0.10347602096433932,82.6,99.0
237,120.0,99,0.10254591901527788,82.9,99.0
238,60.0,99,0.10162507173523985,82.9,99.0
239,60.0,99,0.10071338703872978,82.9,99.0
240,90.0,99,0.09981077375651838,82.6,99.0
241,60.0,99,0.09891714162652515,82.6,99.0
242,120.0,99,0.09803240128479247,83.2,99.0
243,60.0,99,0.09715646425654882,83.2,99.0
244,90.0,99,0.09628924294736148,83.5,99.0
245,60.0,99,0.09543065063437678,82.9,99.0
246,90.0,99,0.09458060145764802,83.2,99.0
247,90.0,99,0.09373901041154904,81.5,99.0
248,160.0,99,0.092905793336274,81.9,99.0
249,60.0,99,0.09208086690942092,81.6,99.0
250,60.0,99,0.0912641486376598,81.6,99.0
251,60.0,99,0.09045555684848275,81.6,99.0
252,60.0,99,0.0896550106820371,81.3,99.0
253,60.0,99,0.08886243008303903,81.0,99.0
254,90.0,99,0.08807773579276819,80.7,99.0
255,90.0,99,0.08730084934114159,80.7,99.0
256,150.0,99,0.08653169303886674,81.3,99.0
257,60.0,99,0.0857701899696724,81.0,99.0
258,60.0,99,0.08501626398261702,80.7,99.0
259,60.0,99,0.0842698396844737,80.7,99.0
260,60.0,99,0.08353084243219053,80.4,99.0
261,100.0,99,0.08279919832542652,80.8,99.0
262,60.0,99,0.08207483419916123,80.8,99.0
263,60.0,99,0.08135767761637844,80.5,99.0
264,60.0,99,0.08064765686082219,80.2,99.0
265,60.0,99,0.0799447009298253,80.2,99.0
266,60.0,99,0.0792487395272088,80.2,99.0
267,60.0,99,0.07855970305625253,79.6,99.0
268,60.0,99,0.07787752261273513,79.3,99.0
269,60.0,99,0.07720212997804382,79.0,99.0
270,150.0,99,0.07653345761235225,78.7,99.0
271,60.0,99,0.07587143864786668,78.3,99.0
272,150.0,99,0.07521600688213892,79.2,99.0
273,60.0,99,0.07456709677144624,79.2,99.0
274,60.0,99,0.07392464342423678,79.2,99.0
275,60.0,99,0.0732885825946405,79.2,99.0
276,60.0,99,0.07265885067604429,79.2,99.0
277,60.0,99,0.07203538469473161,79.2,99.0
278,60.0,99,0.0714181223035847,78.6,99.0
279,90.0,99,0.07080700177585013,78.9,99.0
280,120.0,99,0.07020196199896576,79.5,99.0
281,60.0,99,0.06960294246844981,79.5,99.0
282,60.0,99,0.06900988328184997,78.5,99.0
283,90.0,99,0.06842272513275337,78.2,99.0
284,60.0,99,0.06784140930485581,78.2,99.0
285,60.0,99,0.06726587766609007,77.9,99.0
286,60.0,99,0.06669607266281269,78.2,99.0
287,60.0,99,0.06613193731404843,77.6,99.0
288,60.0,99,0.06557341520579238,77.6,99.0
289,90.0,99,0.06502045048536823,77.3,99.0
290,60.0,99,0.06447298785584316,77.0,99.0
291,90.0,99,0.06393097257049796,76.7,99.0
292,60.0,99,0.06339435042735246,76.1,99.0
293,60.0,99,0.0628630677637451,76.1,99.0
294,60.0,99,0.06233707145096687,75.8,99.0
295,60.0,99,0.06181630888894806,75.5,99.0
296,60.0,99,0.061300728000998575,74.9,99.0
297,60.0,99,0.06079027722859992,74.9,99.0
298,60.0,99,0.060284905526249516,74.9,99.0
299,60.0,99,0.05978456235635595,74.9,99.0
300,60.0,99,0.05928919768418531,74.9,99.0
301,60.0,99,0.05879876197285753,74.6,99.0
302,60.0,99,0.058313206178392835,74.6,99.0
303,60.0,99,0.05783248174480709,74.0,99.0
304,60.0,99,0.057356540599256385,74.0,99.0
305,60.0,99,0.0568853351472295,74.0,99.0
306,120.0,99,0.0564188182677886,74.3,99.0
307,60.0,99,0.05595694330885694,73.7,99.0
308,120.0,99,0.05549966408255377,74.3,99.0
309,60.0,99,0.05504693486057535,74.3,99.0
310,60.0,99,0.05459871036962222,74.3,99.0
311,60.0,99,0.05415494578687179,73.7,99.0
312,90.0,99,0.05371559673549593,74.0,99.0
313,60.0,99,0.053280619280223436,74.0,99.0
314,100.0,99,0.05284996992294624,74.4,99.0
315,60.0,99,0.05242360559836978,74.4,99.0
316,60.0,99,0.052001483669706264,73.8,99.0
317,60.0,99,0.051583561924411096,73.8,99.0
318,60.0,99,0.05116979856996143,73.2,99.0
319,90.0,99,0.050760152229677065,72.9,99.0
320,60.0,99,0.05035458193858254,72.9,99.0
321,60.0,99,0.049953047139310834,72.9,99.0
322,60.0,99,0.04955550767804736,72.3,99.0
323,60.0,99,0.04916192380051474,72.0,99.0
324,120.0,99,0.0487722561479972,72.6,99.0
325,60.0,99,0.04838646575340479,72.6,99.0
326,60.0,99,0.04800451403737654,72.6,99.0
327,60.0,99,0.04762636280442257,72.0,99.0
328,60.0,99,0.04725197423910444,71.7,99.0
329,90.0,99,0.04688131090225365,72.0,99.0
330,60.0,99,0.046514335727227595,72.0,99.0
331,60.0,99,0.046151012016203,72.0,99.0
332,60.0,99,0.04579130343650594,72.0,99.0
333,60.0,99,0.04543517401697875,72.0,99.0
334,60.0,99,0.04508258814438266,72.0,99.0
335,120.0,99,0.04473351055983658,72.6,99.0
336,60.0,99,0.044387906355291176,72.6,99.0
337,60.0,99,0.04404574097003798,72.0,99.0
338,60.0,99,0.04370698018725335,72.0,99.0
339,60.0,99,0.043371590130576676,72.0,99.0
340,60.0,99,0.04303953726072282,71.7,99.0
341,60.0,99,0.042710788372128064,71.7,99.0
342,60.0,99,0.04238531058962962,71.1,99.0
343,60.0,99,0.04206307136517797,71.1,99.0
344,60.0,99,0.04174403847458216,70.8,99.0
345,60.0,99,0.04142818001428726,70.8,99.0
346,60.0,99,0.04111546439818403,70.5,99.0
347,60.0,99,0.04080586035445025,70.2,99.0
348,60.0,99,0.040499336922423565,69.2,99.0
349,60.0,99,0.040195863449505306,69.2,99.0
350,60.0,99,0.039895409588095315,69.2,99.0
351,60.0,99,0.039597945292557044,69.2,99.0
352,60.0,99,0.03930344081621308,69.2,99.0
353,60.0,99,0.03901186670837034,69.2,99.0
354,60.0,99,0.03872319381137508,68.9,99.0
355,60.0,99,0.03843739325769703,68.6,99.0
356,60.0,99,0.03815443646704266,67.7,99.0
357,60.0,99,0.03787429514349709,67.7,99.0
358,60.0,99,0.03759694127269454,67.7,99.0
359,60.0,99,0.037322347119016795,67.7,99.0
360,60.0,99,0.03705048522281963,67.7,99.0
361,60.0,99,0.03678132839768691,67.3,99.0
362,60.0,99,0.036514849727711796,67.3,99.0
363,60.0,99,0.03625102256480524,67.3,99.0
364,60.0,99,0.03598982052603108,67.3,99.0
365,60.0,99,0.0357312174909678,67.3,99.0
366,60.0,99,0.03547518759909634,67.3,99.0
367,120.0,99,0.035221705247214206,67.9,99.0
368,60.0,99,0.03497074508687494,67.9,99.0
369,60.0,99,0.034722282021853394,67.9,99.0
370,60.0,99,0.034476291205635994,67.0,99.0
371,60.0,99,0.034232748038936146,67.0,99.0
372,60.0,99,0.0339916281672342,66.1,99.0
373,60.0,99,0.03375290747834208,66.1,99.0
374,60.0,99,0.033516562099991945,66.1,99.0
375,60.0,99,0.03328256839744902,66.1,99.0
376,60.0,99,0.03305090297114803,66.1,99.0
377,60.0,99,0.03282154265435332,66.1,99.0
378,90.0,99,0.03259446451084204,66.4,99.0
379,60.0,99,0.03236964583261064,66.1,99.0
380,60.0,99,0.03214706413760394,65.5,99.0
381,60.0,99,0.03192669716746694,65.5,99.0
382,60.0,99,0.031708522885318995,65.5,99.0
383,60.0,99,0.031492519473550085,65.2,99.0
384,60.0,99,0.031278665331639026,65.2,99.0
385,60.0,99,0.031066939073993396,65.2,99.0
386,60.0,99,0.030857319527811018,65.2,99.0
387,60.0,99,0.030649785730962567,65.2,99.0
388,60.0,99,0.030444316929895437,65.2,99.0
389,60.0,99,0.030240892577558277,64.9,99.0
390,60.0,99,0.030039492331346347,64.9,99.0
391,60.0,99,0.029840096051067175,64.6,99.0
392,60.0,99,0.029642683796926583,64.6,99.0
393,60.0,99,0.02944723582753464,64.6,99.0
394,60.0,99,0.029253732597931535,64.6,99.0
395,90.0,99,0.029062154757633053,64.9,99.0
396,60.0,99,0.02887248314869552,64.9,99.0
397,90.0,99,0.028684698803799973,65.2,99.0
398,60.0,99,0.02849878294435545,65.2,99.0
399,60.0,99,0.02831471697862105,65.2,99.0
400,60.0,99,0.028132482499846838,65.2,99.0
401,60.0,99,0.027952061284433068,65.2,99.0
402,60.0,99,0.02777343529010782,65.2,99.0
403,60.0,99,0.027596586654122846,65.2,99.0
404,60.0,99,0.027421497691467157,65.2,99.0
405,60.0,99,0.02724815089309858,65.2,99.0
406,60.0,99,0.0270765289241928,64.6,99.0
407,60.0,99,0.026906614622409945,64.6,99.0
408,60.0,99,0.026738390996178224,64.0,99.0
409,60.0,99,0.026571841222994823,64.0,99.0
410,60.0,99,0.026406948647743643,64.0,99.0
411,120.0,99,0.026243696781029717,64.6,99.0
412,60.0,99,0.026082069297530375,64.3,99.0
413,60.0,99,0.02592205003436255,64.3,99.0
414,60.0,99,0.025763622989466578,63.9,99.0
415,60.0,99,0.025606772320005942,63.9,99.0
416,60.0,99,0.025451482340783003,63.9,99.0
417,60.0,99,0.02529773752267042,63.9,99.0
418,60.0,99,0.025145522491058264,63.9,99.0
419,60.0,99,0.02499482202431651,63.6,99.0
420,60.0,99,0.024845621052272927,63.6,99.0
421,60.0,99,0.024697904654705963,63.6,99.0
422,60.0,99,0.024551658059852766,63.6,99.0
423,60.0,99,0.024406866642931964,63.6,99.0
424,60.0,99,0.024263515924681227,63.0,99.0
425,60.0,99,0.024121591569909263,63.0,99.0
426,60.0,99,0.023981079386062323,63.0,99.0
427,60.0,99,0.023841965321804916,63.0,99.0
428,60.0,99,0.023704235465614704,63.0,99.0
429,60.0,99,0.023567876044391298,62.7,99.0
430,60.0,99,0.023432873422078924,62.7,99.0
431,60.0,99,0.02329921409830285,62.7,99.0
432,60.0,99,0.02316688470701933,62.7,99.0
433,60.0,99,0.023035872015178954,62.7,99.0
434,60.0,99,0.022906162921403357,62.7,99.0
435,60.0,99,0.022777744454675064,62.1,99.0
436,60.0,99,0.0226506037730404,62.1,99.0
437,60.0,99,0.02252472816232525,62.1,99.0
438,60.0,99,0.022400105034863643,62.1,99.0
439,60.0,99,0.02227672192823897,62.1,99.0
440,60.0,99,0.02215456650403775,62.1,99.0
441,60.0,99,0.022033626546615788,62.1,99.0
442,60.0,99,0.021913889961876536,62.1,99.0
443,60.0,99,0.02179534477606175,62.1,99.0
444,60.0,99,0.02167797913455405,62.1,99.0
445,60.0,99,0.021561781300691488,62.1,99.0
446,60.0,99,0.02144673965459385,62.1,99.0
447,60.0,99,0.021332842692000656,62.1,99.0
448,60.0,99,0.021220079023120713,62.1,99.0
449,60.0,99,0.02110843737149319,62.1,99.0
450,60.0,99,0.02099790657285988,62.1,99.0
451,60.0,99,0.020888475574048812,62.1,99.0
452,60.0,99,0.020780133431868894,62.1,99.0
453,60.0,99,0.020672869312015653,62.1,99.0
454,120.0,99,0.020566672487987697,62.7,99.0
455,60.0,99,0.02046153234001413,62.7,99.0
456,60.0,99,0.02035743835399253,62.7,99.0
457,60.0,99,0.020254380120437558,62.7,99.0
458,60.0,99,0.02015234733343998,62.7,99.0
459,60.0,99,0.020051329789636065,62.7,99.0
460,60.0,99,0.01995131738718724,62.7,99.0
461,60.0,99,0.019852300124769934,62.7,99.0
462,60.0,99,0.019754268100575387,62.7,99.0
463,60.0,99,0.019657211511319474,62.7,99.0
464,60.0,99,0.0195611206512624,62.7,99.0
465,60.0,99,0.01946598591123807,62.7,99.0
466,60.0,99,0.01937179777769322,62.7,99.0
467,60.0,99,0.019278546831735997,62.1,99.0
468,60.0,99,0.019186223748194096,62.1,99.0
469,60.0,99,0.01909481929468222,62.1,99.0
470,60.0,99,0.019004324330678855,62.1,99.0
471,60.0,99,0.018914729806612192,62.1,99.0
472,60.0,99,0.018826026762955157,62.1,99.0
473,60.0,99,0.018738206329329453,62.1,99.0
474,60.0,99,0.018651259723618557,62.1,99.0
475,60.0,99,0.01856517825108943,62.1,99.0
476,120.0,99,0.018479953303523082,62.7,99.0
477,120.0,99,0.018395576358353725,63.3,99.0
478,60.0,99,0.018312038977816556,63.0,99.0
479,60.0,99,0.018229332808103887,63.0,99.0
480,60.0,99,0.01814744957852983,63.0,99.0
481,60.0,99,0.01806638110070318,63.0,99.0
482,60.0,99,0.01798611926770862,63.0,99.0
483,60.0,99,0.017906656053295947,63.0,99.0
484,60.0,99,0.017827983511077505,63.0,99.0
485,60.0,99,0.01775009377373351,63.0,99.0
486,60.0,99,0.017672979052225327,63.0,99.0
487,60.0,99,0.017596631635016534,63.0,99.0
488,60.0,99,0.01752104388730179,63.0,99.0
489,60.0,99,0.017446208250243338,63.0,99.0
490,60.0,99,0.017372117240215094,63.0,99.0
491,60.0,99,0.01729876344805433,63.0,99.0
492,60.0,99,0.0172261395383207,63.0,99.0
493,60.0,99,0.017154238248562697,63.0,99.0
494,60.0,99,0.017083052388591435,63.0,99.0
495,60.0,99,0.017012574839761596,62.7,99.0
496,60.0,99,0.01694279855425957,62.7,99.0
497,60.0,99,0.016873716554398652,62.4,99.0
498,120.0,99,0.016805321931921285,63.0,99.0
499,60.0,99,0.01673760784730824,63.0,99.0
500,60.0,99,0.016670567529094613,63.0,99.0
501,60.0,99,0.01660419427319272,63.0,99.0
502,60.0,99,0.016538481442221656,63.0,99.0
503,60.0,99,0.016473422464843575,63.0,99.0
504,60.0,99,0.01640901083510651,63.0,99.0
505,60.0,99,0.01634524011179382,63.0,99.0
506,60.0,99,0.016282103917780018,63.0,99.0
507,90.0,99,0.01621959593939311,63.3,99.0
508,60.0,99,0.016157709925783147,63.3,99.0
509,60.0,99,0.016096439688297208,63.3,99.0
510,60.0,99,0.016035779099860478,63.3,99.0
511,60.0,99,0.01597572209436357,62.7,99.0
512,60.0,99,0.015916262666055885,62.7,99.0
513,60.0,99,0.015857394868945038,62.7,99.0
514,90.0,99,0.015799112816202266,63.0,99.0
515,60.0,99,0.01574141067957372,63.0,99.0
516,60.0,99,0.01568428268879766,63.0,99.0
517,60.0,99,0.0156277231310274,63.0,99.0
518,60.0,99,0.015571726350260025,63.0,99.0
519,60.0,99,0.015516286746770792,63.0,99.0
520,60.0,99,0.015461398776553163,63.0,99.0
521,60.0,99,0.015407056950764372,63.0,99.0
522,60.0,99,0.01535325583517655,63.0,99.0
523,60.0,99,0.015299990049633304,63.0,99.0
524,60.0,99,0.015247254267511699,63.0,99.0
525,60.0,99,0.015195043215189571,63.0,99.0
526,60.0,99,0.015143351671518179,63.0,99.0
527,60.0,99,0.015092174467300075,63.0,99.0
528,60.0,99,0.015041506484772198,63.0,99.0
529,60.0,99,0.01499134265709407,63.0,99.0
530,60.0,99,0.014941677967841115,63.0,99.0
531,60.0,99,0.01489250745050302,63.0,99.0
532,60.0,99,0.014843826187987082,63.0,99.0
533,60.0,99,0.014795629312126479,63.0,99.0
534,60.0,99,0.014747912003193458,63.0,99.0
535,60.0,99,0.014700669489417359,63.0,99.0
536,60.0,99,0.014653897046507443,63.0,99.0
537,60.0,99,0.01460758999718044,63.0,99.0
538,60.0,99,0.014561743710692824,63.0,99.0
539,60.0,99,0.014516353602377746,63.0,99.0
540,90.0,99,0.01447141513318654,63.3,99.0
541,60.0,99,0.014426923809234849,63.3,99.0
542,60.0,99,0.014382875181353196,63.3,99.0
543,60.0,99,0.01433926484464209,63.3,99.0
544,60.0,99,0.014296088438031505,63.3,99.0
545,60.0,99,0.014253341643844817,63.3,99.0
546,60.0,99,0.014211020187366974,63.3,99.0
547,60.0,99,0.014169119836417065,63.3,99.0
548,60.0,99,0.01412763640092507,63.3,99.0
549,60.0,99,0.014086565732512882,63.3,99.0
550,60.0,99,0.014045903724079427,63.3,99.0
551,60.0,99,0.014005646309389977,63.3,99.0
552,60.0,99,0.013965789462669513,63.3,99.0
553,60.0,99,0.013926329198200155,63.3,99.0
554,60.0,99,0.013887261569922569,62.7,99.0
555,60.0,99,0.01384858267104137,62.7,99.0
556,60.0,99,0.013810288633634434,62.7,99.0
557,60.0,99,0.013772375628266116,62.7,99.0
558,60.0,99,0.013734839863604284,62.7,99.0
559,60.0,99,0.013697677586041186,62.7,99.0
560,60.0,99,0.0136608850793181,62.7,99.0
561,60.0,99,0.013624458664153696,62.7,99.0
562,60.0,99,0.013588394697876097,62.7,99.0
563,60.0,99,0.013552689574058628,62.7,99.0
564,60.0,99,0.013517339722159148,62.7,99.0
565,60.0,99,0.013482341607163007,62.7,99.0
566,60.0,99,0.013447691729229546,62.7,99.0
567,60.0,99,0.013413386623342096,62.7,99.0
568,60.0,99,0.013379422858961477,62.7,99.0
569,60.0,99,0.013345797039682946,62.7,99.0
570,60.0,99,0.01331250580289656,62.7,99.0
571,60.0,99,0.013279545819450893,62.7,99.0
572,60.0,99,0.013246913793320138,62.7,99.0
573,60.0,99,0.01321460646127448,62.7,99.0
574,60.0,99,0.013182620592553802,62.7,99.0
575,60.0,99,0.01315095298854457,62.7,99.0
576,60.0,99,0.013119600482459998,62.1,99.0
577,60.0,99,0.013088559939023343,61.5,99.0
578,60.0,99,0.013057828254154401,61.5,99.0
579,60.0,99,0.013027402354659073,61.5,99.0
580,60.0,99,0.012997279197922058,61.5,99.0
581,60.0,99,0.012967455771602571,61.5,99.0
582,60.0,99,0.012937929093333135,61.5,99.0
583,60.0,99,0.012908696210421315,61.5,99.0
584,60.0,99,0.012879754199554458,61.5,99.0
585,60.0,99,0.012851100166507357,61.5,99.0
586,60.0,99,0.012822731245852837,61.5,99.0
587,60.0,99,0.012794644600675184,61.5,99.0
588,60.0,99,0.012766837422286476,61.5,99.0
589,60.0,99,0.012739306929945703,61.5,99.0
590,60.0,99,0.012712050370580685,61.5,99.0
591,60.0,99,0.012685065018512777,61.5,99.0
592,60.0,99,0.012658348175184284,61.5,99.0
593,60.0,99,0.012631897168888604,61.5,99.0
594,90.0,99,0.012605709354503065,61.8,99.0
595,60.0,99,0.012579782113224414,61.8,99.0
596,60.0,99,0.012554112852306908,61.8,99.0
597,60.0,99,0.012528699004803068,61.8,99.0
598,60.0,99,0.012503538029306963,61.2,99.0
599,60.0,99,0.012478627409700078,61.2,99.0
600,60.0,99,0.012453964654899695,61.2,99.0
601,120.0,99,0.012429547298609778,61.8,99.0
602,60.0,99,0.01240537289907435,61.8,99.0
603,60.0,99,0.012381439038833314,61.8,99.0
604,60.0,99,0.012357743324480702,61.8,99.0
605,60.0,99,0.01233428338642533,61.8,99.0
606,60.0,99,0.012311056878653841,61.8,99.0
607,60.0,99,0.012288061478496108,61.5,99.0
608,60.0,99,0.012265294886392948,61.5,99.0
609,60.0,99,0.01224275482566618,61.5,99.0
610,60.0,99,0.012220439042290943,61.5,99.0
611,60.0,99,0.012198345304670311,61.5,99.0
612,60.0,99,0.012176471403412107,61.5,99.0
613,60.0,99,0.012154815151107974,61.5,99.0
614,60.0,99,0.012133374382114637,61.2,99.0
615,60.0,99,0.012112146952337331,61.2,99.0
616,60.0,99,0.012091130739015387,61.2,99.0
617,60.0,99,0.012070323640509958,61.2,99.0
618,60.0,99,0.012049723576093858,61.2,99.0
619,60.0,99,0.012029328485743472,61.2,99.0
620,60.0,99,0.012009136329932777,61.2,99.0
621,60.0,99,0.01198914508942936,61.2,99.0
622,60.0,99,0.011969352765092513,61.2,99.0
623,90.0,99,0.011949757377673304,61.5,99.0
624,60.0,99,0.01193035696761667,61.5,99.0
625,60.0,99,0.011911149594865432,61.5,99.0
626,60.0,99,0.011892133338666311,61.5,99.0
627,60.0,99,0.01187330629737784,61.5,99.0
628,60.0,99,0.011854666588280199,61.5,99.0
629,60.0,99,0.011836212347386948,61.5,99.0
630,60.0,99,0.011817941729258619,61.5,99.0
631,60.0,99,0.011799852906818169,61.5,99.0
632,60.0,99,0.011781944071168286,61.5,99.0
633,60.0,99,0.011764213431410478,61.5,99.0
634,60.0,99,0.011746659214465993,61.5,99.0
635,60.0,99,0.011729279664898506,61.5,99.0
636,60.0,99,0.011712073044738584,61.5,99.0
637,60.0,99,0.011695037633309868,61.5,99.0
638,60.0,99,0.011678171727057018,61.5,99.0
639,60.0,99,0.011661473639375353,61.5,99.0
640,60.0,99,0.011644941700442194,61.2,99.0
641,60.0,99,0.011628574257049868,61.2,99.0
642,60.0,99,0.011612369672440398,61.2,99.0
643,60.0,99,0.011596326326141817,61.2,99.0
644,60.0,99,0.011580442613806126,61.2,99.0
645,60.0,99,0.011564716947048855,61.2,99.0
646,60.0,99,0.011549147753290225,61.2,99.0
647,60.0,99,0.011533733475597885,61.2,99.0
648,60.0,99,0.011518472572531219,61.2,99.0
649,90.0,99,0.011503363517987204,61.5,99.0
650,60.0,99,0.011488404801047796,61.5,99.0
651,60.0,99,0.011473594925828836,61.5,99.0
652,120.0,99,0.011458932411330456,62.1,99.0
653,60.0,99,0.01144441579128899,62.1,99.0
654,60.0,99,0.011430043614030338,62.1,99.0
655,60.0,99,0.011415814442324796,62.1,99.0
656,60.0,99,0.011401726853243335,62.1,99.0
657,60.0,99,0.011387779438015309,62.1,99.0
658,60.0,99,0.011373970801887569,62.1,99.0
659,60.0,99,0.011360299563985,62.1,99.0
660,60.0,99,0.011346764357172414,62.1,99.0
661,60.0,99,0.011333363827917855,62.1,99.0
662,60.0,99,0.011320096636157226,62.1,99.0
663,60.0,99,0.011306961455160297,62.1,99.0
664,60.0,99,0.011293956971398022,62.1,99.0
665,60.0,99,0.01128108188441119,62.1,99.0
666,60.0,99,0.01126833490668037,62.1,99.0
667,60.0,99,0.011255714763497167,62.1,99.0
668,60.0,99,0.011243220192836747,62.1,99.0
669,60.0,99,0.011230849945231628,62.1,99.0
670,60.0,99,0.011218602783646746,62.1,99.0
671,60.0,99,0.011206477483355735,62.1,99.0
672,90.0,99,0.01119447283181846,62.4,99.0
673,60.0,99,0.011182587628559764,62.4,99.0
674,60.0,99,0.011170820685049418,62.4,99.0
675,60.0,99,0.011159170824583262,62.4,99.0
676,60.0,99,0.011147636882165546,62.4,99.0
677,60.0,99,0.011136217704392411,62.4,99.0
678,60.0,99,0.011124912149336568,62.4,99.0
679,60.0,99,0.01111371908643309,62.4,99.0
680,60.0,99,0.011102637396366355,62.4,99.0
681,60.0,99,0.011091665970958125,62.4,99.0
682,60.0,99,0.011080803713056716,62.4,99.0
683,60.0,99,0.011070049536427285,62.4,99.0
684,60.0,99,0.011059402365643208,62.4,99.0
685,60.0,99,0.011048861135978534,62.4,99.0
686,60.0,99,0.011038424793301511,62.4,99.0
687,60.0,99,0.011028092293969175,62.4,99.0
688,60.0,99,0.011017862604722983,62.4,99.0
689,60.0,99,0.011007734702585483,62.4,99.0
690,60.0,99,0.010997707574758025,62.4,99.0
691,60.0,99,0.010987780218519469,62.4,99.0
692,60.0,99,0.010977951641125918,62.4,99.0
693,60.0,99,0.010968220859711442,62.4,99.0
694,60.0,99,0.010958586901189789,62.1,99.0
695,60.0,99,0.01094904880215708,62.1,99.0
696,60.0,99,0.010939605608795464,62.1,99.0
697,60.0,99,0.010930256376777735,62.1,99.0
698,60.0,99,0.010921000171172899,62.1,99.0
699,60.0,99,0.010911836066352685,62.1,99.0
700,120.0,99,0.010902763145898971,62.7,99.0
701,60.0,99,0.010893780502512152,62.1,99.0
702,60.0,99,0.010884887237920403,62.1,99.0
703,60.0,99,0.010876082462789857,62.1,99.0
704,60.0,99,0.010867365296635659,62.1,99.0
705,60.0,99,0.010858734867733933,62.1,99.0
706,60.0,99,0.010850190313034594,62.1,99.0
707,60.0,99,0.010841730778075053,62.1,99.0
708,60.0,99,0.010833355416894765,62.1,99.0
709,60.0,99,0.01082506339195063,62.1,99.0
710,60.0,99,0.010816853874033245,62.1,99.0
711,60.0,99,0.010808726042183978,62.1,99.0
712,60.0,99,0.01080067908361287,62.1,99.0
713,60.0,99,0.01079271219361736,62.1,99.0
714,60.0,99,0.010784824575501804,62.1,99.0
715,60.0,99,0.010777015440497823,62.1,99.0
716,60.0,99,0.010769284007685407,62.1,99.0
717,90.0,99,0.01076162950391483,62.4,99.0
718,60.0,99,0.01075405116372934,62.4,99.0
719,60.0,99,0.010746548229288598,62.4,99.0
720,60.0,99,0.010739119950292912,62.4,99.0
721,60.0,99,0.010731765583908192,62.4,99.0
722,60.0,99,0.010724484394691668,62.4,99.0
723,60.0,99,0.010717275654518353,62.1,99.0
724,60.0,99,0.010710138642508221,62.1,99.0
725,60.0,99,0.010703072644954124,62.1,99.0
726,60.0,99,0.010696076955250418,62.1,99.0
727,60.0,99,0.010689150873822304,62.1,99.0
728,60.0,99,0.010682293708055865,62.1,99.0
729,60.0,99,0.010675504772228813,62.1,99.0
730,60.0,99,0.010668783387441906,62.1,99.0
731,60.0,99,0.010662128881551065,62.1,99.0
732,60.0,99,0.010655540589100154,62.1,99.0
733,60.0,99,0.010649017851254439,62.1,99.0
734,60.0,99,0.0106425600157347,62.1,99.0
735,60.0,99,0.010636166436752002,62.1,99.0
736,60.0,99,0.01062983647494312,62.1,99.0
737,60.0,99,0.010623569497306598,62.1,99.0
738,60.0,99,0.01061736487713945,62.1,99.0
739,60.0,99,0.010611221993974488,62.1,99.0
740,60.0,99,0.010605140233518277,62.1,99.0
741,60.0,99,0.010599118987589702,62.1,99.0
742,60.0,99,0.010593157654059155,62.1,99.0
743,60.0,99,0.010587255636788313,62.1,99.0
744,60.0,99,0.01058141234557053,62.1,99.0
745,60.0,99,0.01057562719607182,62.1,99.0
746,60.0,99,0.010569899609772403,62.1,99.0
747,60.0,99,0.010564229013908884,62.1,99.0
748,60.0,99,0.010558614841416947,62.1,99.0
749,60.0,99,0.010553056530874667,61.8,99.0
750,60.0,99,0.010547553526446355,61.8,99.0
751,60.0,99,0.010542105277826985,61.8,99.0
752,60.0,99,0.010536711240187152,61.2,99.0
753,60.0,99,0.0105313708741186,61.2,99.0
754,60.0,99,0.01052608364558027,61.2,99.0
755,60.0,99,0.010520849025844903,61.2,99.0
756,60.0,99,0.010515666491446161,61.2,99.0
757,60.0,99,0.01051053552412629,61.2,99.0
758,60.0,99,0.010505455610784278,61.2,99.0
759,60.0,99,0.010500426243424558,61.2,99.0
760,60.0,99,0.010495446919106205,61.2,99.0
761,60.0,99,0.010490517139892635,61.2,99.0
762,60.0,99,0.010485636412801822,61.2,99.0
763,60.0,99,0.010480804249756986,61.2,99.0
764,60.0,99,0.010476020167537797,61.2,99.0
765,60.0,99,0.010471283687732046,61.2,99.0
766,60.0,99,0.010466594336687809,61.2,99.0
767,60.0,99,0.010461951645466068,61.2,99.0
768,60.0,99,0.010457355149793835,61.2,99.0
769,60.0,99,0.010452804390017712,61.2,99.0
770,60.0,99,0.010448298911057929,61.2,99.0
771,60.0,99,0.010443838262362837,61.2,99.0
772,60.0,99,0.010439421997863846,60.9,99.0
773,60.0,99,0.010435049675930827,60.9,99.0
774,60.0,99,0.010430720859327945,60.9,99.0
775,60.0,99,0.01042643511516993,60.9,99.0
776,60.0,99,0.010422192014878798,60.9,99.0
777,60.0,99,0.01041799113414098,60.9,99.0
778,60.0,99,0.010413832052864903,60.9,99.0
779,60.0,99,0.010409714355138974,60.9,99.0
780,60.0,99,0.010405637629189989,60.9,99.0
781,60.0,99,0.010401601467341955,60.9,99.0
782,60.0,99,0.010397605465975325,60.9,99.0
783,60.0,99,0.01039364922548663,60.9,99.0
784,60.0,99,0.010389732350248527,60.9,99.0
785,60.0,99,0.010385854448570228,60.9,99.0
786,60.0,99,0.01038201513265833,60.9,99.0
787,60.0,99,0.010378214018578047,60.9,99.0
788,60.0,99,0.0103744507262148,60.9,99.0
789,60.0,99,0.010370724879236218,60.9,99.0
790,60.0,99,0.010367036105054498,60.9,99.0
791,60.0,99,0.010363384034789147,60.9,99.0
792,60.0,99,0.010359768303230097,60.9,99.0
793,60.0,99,0.010356188548801179,60.9,99.0
794,60.0,99,0.010352644413523964,60.9,99.0
795,60.0,99,0.010349135542981974,60.9,99.0
796,60.0,99,0.010345661586285228,60.9,99.0
797,60.0,99,0.010342222196035164,60.9,99.0
798,60.0,99,0.01033881702828989,60.9,99.0
799,60.0,99,0.010335445742529792,60.9,99.0
800,60.0,99,0.010332108001623487,60.3,99.0
801,60.0,99,0.010328803471794101,60.3,99.0
802,60.0,99,0.0103255318225859,60.3,99.0
803,60.0,99,0.010322292726831234,60.3,99.0
804,60.0,99,0.01031908586061783,60.3,99.0
805,60.0,99,0.010315910903256391,60.3,99.0
806,60.0,99,0.01031276753724854,60.3,99.0
807,60.0,99,0.010309655448255054,60.3,99.0
808,60.0,99,0.01030657432506444,60.3,99.0
809,60.0,99,0.010303523859561813,60.3,99.0
810,60.0,99,0.01030050374669808,60.3,99.0
811,60.0,99,0.010297513684459435,60.3,99.0
812,60.0,99,0.010294553373837166,60.3,99.0
813,60.0,99,0.010291622518797741,60.3,99.0
814,60.0,99,0.010288720826253218,60.3,99.0
815,120.0,99,0.010285848006031922,60.9,99.0
816,60.0,99,0.010283003770849435,60.9,99.0
817,60.0,99,0.010280187836279871,60.6,99.0
818,60.0,99,0.010277399920727424,60.6,99.0
819,60.0,99,0.01027463974539822,60.6,99.0
820,60.0,99,0.010271907034272422,60.6,99.0
821,60.0,99,0.01026920151407664,60.6,99.0
822,60.0,99,0.010266522914256601,60.6,99.0
823,60.0,99,0.010263870966950093,60.6,99.0
824,60.0,99,0.01026124540696017,60.6,99.0
825,60.0,99,0.010258645971728651,60.6,99.0
826,60.0,99,0.010256072401309843,60.6,99.0
827,60.0,99,0.01025352443834456,60.6,99.0
828,60.0,99,0.010251001828034383,60.6,99.0
829,60.0,99,0.010248504318116178,60.6,99.0
830,60.0,99,0.010246031658836873,60.6,99.0
831,60.0,99,0.010243583602928479,60.6,99.0
832,60.0,99,0.010241159905583363,60.6,99.0
833,60.0,99,0.010238760324429774,60.6,99.0
834,60.0,99,0.010236384619507594,60.6,99.0
835,60.0,99,0.010234032553244354,60.6,99.0
836,60.0,99,0.010231703890431466,60.6,99.0
837,60.0,99,0.01022939839820071,60.6,99.0
838,60.0,99,0.010227115846000938,60.6,99.0
839,60.0,99,0.01022485600557503,60.6,99.0
840,60.0,99,0.01022261865093706,60.6,99.0
841,60.0,99,0.010220403558349701,60.6,99.0
842,60.0,99,0.010218210506301846,60.6,99.0
843,60.0,99,0.010216039275486465,60.6,99.0
844,60.0,99,0.010213889648778665,60.6,99.0
845,90.0,99,0.010211761411213984,60.9,99.0
846,60.0,99,0.010209654349966894,60.9,99.0
847,60.0,99,0.010207568254329514,60.9,99.0
848,60.0,99,0.01020550291569054,60.9,99.0
849,60.0,99,0.010203458127514388,60.9,99.0
850,60.0,99,0.010201433685320538,60.9,99.0
851,60.0,99,0.010199429386663081,60.9,99.0
852,60.0,99,0.010197445031110482,60.9,99.0
853,60.0,99,0.010195480420225531,60.9,99.0
854,60.0,99,0.010193535357545505,60.9,99.0
855,60.0,99,0.010191609648562514,60.9,99.0
856,60.0,99,0.010189703100704052,60.9,99.0
857,60.0,99,0.01018781552331375,60.9,99.0
858,60.0,99,0.01018594672763229,60.9,99.0
859,60.0,99,0.010184096526778551,60.9,99.0
860,60.0,99,0.010182264735730903,60.9,99.0
861,60.0,99,0.010180451171308717,60.9,99.0
862,60.0,99,0.010178655652154037,60.9,99.0
863,60.0,99,0.010176877998713455,60.9,99.0
864,60.0,99,0.01017511803322014,60.9,99.0
865,60.0,99,0.010173375579676082,60.9,99.0
866,60.0,99,0.01017165046383447,60.9,99.0
867,60.0,99,0.010169942513182286,60.9,99.0
868,60.0,99,0.010168251556923037,60.9,99.0
869,60.0,99,0.010166577425959692,60.9,99.0
870,60.0,99,0.010164919952877757,60.9,99.0
871,60.0,99,0.010163278971928544,60.9,99.0
872,60.0,99,0.01016165431901259,60.9,99.0
873,60.0,99,0.01016004583166325,60.9,99.0
874,60.0,99,0.010158453349030448,60.9,99.0
875,60.0,99,0.010156876711864594,60.9,99.0
876,90.0,99,0.010155315762500658,61.2,99.0
877,60.0,99,0.0101537703448424,61.2,99.0
878,60.0,99,0.010152240304346772,61.2,99.0
879,60.0,99,0.010150725488008444,61.2,99.0
880,60.0,99,0.010149225744344521,61.2,99.0
881,60.0,99,0.01014774092337939,61.2,99.0
882,60.0,99,0.010146270876629714,61.2,99.0
883,60.0,99,0.010144815457089593,61.2,99.0
884,90.0,99,0.010143374519215861,61.5,99.0
885,60.0,99,0.01014194791891353,61.5,99.0
886,60.0,99,0.01014053551352138,61.5,99.0
887,60.0,99,0.010139137161797698,61.5,99.0
888,60.0,99,0.010137752723906142,61.5,99.0
889,60.0,99,0.01013638206140177,61.5,99.0
890,60.0,99,0.010135025037217192,61.5,99.0
891,60.0,99,0.010133681515648855,61.5,99.0
892,60.0,99,0.010132351362343486,61.5,99.0
893,60.0,99,0.010131034444284644,61.5,99.0
894,60.0,99,0.010129730629779427,61.5,99.0
895,60.0,99,0.010128439788445296,61.5,99.0
896,60.0,99,0.010127161791197044,61.5,99.0
897,60.0,99,0.01012589651023388,61.5,99.0
898,60.0,99,0.010124643819026653,61.5,99.0
899,60.0,99,0.0101234035923052,61.5,99.0
900,60.0,99,0.010122175706045813,61.5,99.0
901,60.0,99,0.010120960037458845,61.5,99.0
902,60.0,99,0.010119756464976423,61.5,99.0
903,60.0,99,0.010118564868240294,61.5,99.0
904,90.0,99,0.010117385128089795,61.8,99.0
905,60.0,99,0.010116217126549927,61.8,99.0
906,60.0,99,0.010115060746819561,61.8,99.0
907,60.0,99,0.010113915873259762,61.8,99.0
908,60.0,99,0.010112782391382219,61.8,99.0
909,60.0,99,0.010111660187837799,61.8,99.0
910,60.0,99,0.010110549150405214,61.8,99.0
911,60.0,99,0.010109449167979795,61.8,99.0
912,60.0,99,0.010108360130562379,61.8,99.0
913,60.0,99,0.010107281929248322,61.8,99.0
914,60.0,99,0.010106214456216591,61.8,99.0
915,60.0,99,0.010105157604718994,61.2,99.0
916,120.0,99,0.010104111269069502,61.8,99.0
917,60.0,99,0.010103075344633675,61.8,99.0
918,60.0,99,0.010102049727818207,61.8,99.0
919,60.0,99,0.010101034316060565,61.8,99.0
920,60.0,99,0.010100029007818723,61.8,99.0
921,60.0,99,0.01009903370256102,61.8,99.0
922,60.0,99,0.010098048300756102,61.8,99.0
923,60.0,99,0.010097072703862968,61.8,99.0
924,60.0,99,0.010096106814321115,61.8,99.0
925,60.0,99,0.01009515053554078,61.8,99.0
926,90.0,99,0.010094203771893295,62.1,99.0
927,60.0,99,0.010093266428701501,62.1,99.0
928,60.0,99,0.0100923384122303,62.1,99.0
929,90.0,99,0.01009141962967727,62.4,99.0
930,60.0,99,0.010090509989163391,62.4,99.0
931,60.0,99,0.010089609399723856,62.4,99.0
932,60.0,99,0.010088717771298966,62.4,99.0
933,60.0,99,0.010087835014725138,62.4,99.0
934,60.0,99,0.010086961041725979,62.4,99.0
935,60.0,99,0.01008609576490346,62.4,99.0
936,60.0,99,0.010085239097729176,62.4,99.0
937,60.0,99,0.0100843909545357,62.4,99.0
938,60.0,99,0.010083551250508005,62.4,99.0
939,60.0,99,0.010082719901674985,62.4,99.0
940,60.0,99,0.010081896824901066,62.4,99.0
941,60.0,99,0.010081081937877885,62.4,99.0
942,60.0,99,0.01008027515911606,62.4,99.0
943,60.0,99,0.010079476407937044,62.4,99.0
944,60.0,99,0.010078685604465051,62.4,99.0
945,60.0,99,0.010077902669619077,62.1,99.0
946,60.0,99,0.010077127525104984,62.1,99.0
947,60.0,99,0.010076360093407673,62.1,99.0
948,60.0,99,0.010075600297783338,62.1,99.0
949,60.0,99,0.010074848062251781,62.1,99.0
950,60.0,99,0.010074103311588823,62.1,99.0
951,60.0,99,0.010073365971318778,62.1,99.0
952,60.0,99,0.010072635967707003,62.1,99.0
953,60.0,99,0.010071913227752527,62.1,99.0
954,60.0,99,0.010071197679180756,62.1,99.0
955,60.0,99,0.010070489250436234,62.1,99.0
956,60.0,99,0.010069787870675497,62.1,99.0
957,60.0,99,0.010069093469759984,62.1,99.0
958,60.0,99,0.010068405978249026,62.1,99.0
959,60.0,99,0.010067725327392897,62.1,99.0
960,60.0,99,0.010067051449125945,62.1,99.0
961,60.0,99,0.010066384276059784,62.1,99.0
962,60.0,99,0.010065723741476547,62.1,99.0
963,60.0,99,0.01006506977932223,62.1,99.0
964,60.0,99,0.010064422324200068,62.1,99.0
965,60.0,99,0.010063781311364012,62.1,99.0
966,60.0,99,0.010063146676712244,62.1,99.0
967,60.0,99,0.01006251835678077,62.1,99.0
968,60.0,99,0.010061896288737071,62.1,99.0
969,60.0,99,0.01006128041037383,62.1,99.0
970,60.0,99,0.01006067066010269,62.1,99.0
971,60.0,99,0.01006006697694812,62.1,99.0
972,60.0,99,0.010059469300541302,62.1,99.0
973,60.0,99,0.010058877571114096,62.1,99.0
974,60.0,99,0.010058291729493065,62.1,99.0
975,60.0,99,0.01005771171709356,62.1,99.0
976,60.0,99,0.010057137475913858,61.8,99.0
977,60.0,99,0.010056568948529363,61.8,99.0
978,60.0,99,0.010056006078086861,61.8,99.0
979,60.0,99,0.01005544880829884,61.8,99.0
980,60.0,99,0.010054897083437856,61.8,99.0
981,60.0,99,0.010054350848330963,61.8,99.0
982,60.0,99,0.010053810048354195,61.8,99.0
983,60.0,99,0.010053274629427107,61.8,99.0
984,60.0,99,0.010052744538007355,61.5,99.0
985,60.0,99,0.01005221972108536,61.5,99.0
986,90.0,99,0.010051700126178988,61.8,99.0
987,60.0,99,0.010051185701328317,61.8,99.0
988,60.0,99,0.010050676395090436,61.8,99.0
989,60.0,99,0.010050172156534292,61.8,99.0
990,60.0,99,0.010049672935235614,61.8,99.0
991,60.0,99,0.010049178681271852,61.8,99.0
992,60.0,99,0.010048689345217202,61.8,99.0
993,60.0,99,0.010048204878137646,61.8,99.0
994,60.0,99,0.010047725231586075,61.8,99.0
995,60.0,99,0.010047250357597435,61.8,99.0
996,60.0,99,0.010046780208683928,61.8,99.0
997,60.0,99,0.010046314737830275,61.8,99.0
998,60.0,99,0.010045853898488999,61.8,99.0
999,60.0,99,0.010045397644575786,61.8,99.0
1000,60.0,99,0.010044945930464861,61.8,99.0
1001,60.0,99,0.010044498710984437,61.8,99.0
1002,60.0,99,0.010044055941412194,61.8,99.0
1003,60.0,99,0.010043617577470805,61.8,99.0
1004,60.0,99,0.010043183575323512,61.5,99.0
1005,60.0,99,0.010042753891569738,61.5,99.0
1006,60.0,99,0.01004232848324075,61.5,99.0
1007,60.0,99,0.010041907307795358,61.5,99.0
1008,60.0,99,0.01004149032311567,61.5,99.0
1009,60.0,99,0.010041077487502869,61.5,99.0
1010,60.0,99,0.010040668759673048,61.5,99.0
1011,60.0,99,0.010040264098753086,61.5,99.0
1012,60.0,99,0.010039863464276553,61.5,99.0
1013,60.0,99,0.010039466816179668,61.5,99.0
1014,60.0,99,0.010039074114797288,61.5,99.0
1015,60.0,99,0.01003868532085895,61.5,99.0
1016,60.0,99,0.010038300395484938,60.9,99.0
1017,60.0,99,0.01003791930018239,60.9,99.0
1018,60.0,99,0.01003754199684146,60.9,99.0
1019,60.0,99,0.0100371684477315,60.9,99.0
1020,60.0,99,0.010036798615497286,60.9,99.0
1021,60.0,99,0.010036432463155286,60.9,99.0
1022,60.0,99,0.010036069954089965,60.9,99.0
1023,60.0,99,0.01003571105205011,60.9,99.0
1024,60.0,99,0.01003535572114522,60.9,99.0
1025,60.0,99,0.010035003925841906,60.9,99.0
1026,90.0,99,0.010034655630960348,60.9,99.0
1027,60.0,99,0.010034310801670764,60.9,99.0
1028,60.0,99,0.010033969403489941,60.9,99.0
1029,60.0,99,0.010033631402277775,60.6,99.0
1030,60.0,99,0.010033296764233863,60.6,99.0
1031,60.0,99,0.01003296545589412,60.6,99.0
1032,60.0,99,0.01003263744412744,60.6,99.0
1033,60.0,99,0.010032312696132369,60.6,99.0
1034,60.0,99,0.01003199117943384,60.6,99.0
1035,60.0,99,0.010031672861879913,60.6,99.0
1036,60.0,99,0.010031357711638567,60.6,99.0
1037,60.0,99,0.010031045697194518,60.6,99.0
1038,60.0,99,0.01003073678734606,60.6,99.0
1039,60.0,99,0.01003043095120195,60.6,99.0
1040,60.0,99,0.01003012815817832,60.6,99.0
1041,60.0,99,0.010029828377995615,60.6,99.0
1042,60.0,99,0.010029531580675564,60.6,99.0
1043,60.0,99,0.010029237736538193,60.6,99.0
1044,60.0,99,0.01002894681619884,60.6,99.0
1045,60.0,99,0.010028658790565229,60.6,99.0
1046,60.0,99,0.010028373630834558,60.6,99.0
1047,60.0,99,0.010028091308490614,60.6,99.0
1048,60.0,99,0.010027811795300929,60.6,99.0
1049,60.0,99,0.01002753506331395,60.6,99.0
1050,60.0,99,0.01002726108485625,60.6,99.0
1051,60.0,99,0.010026989832529752,60.6,99.0
1052,60.0,99,0.010026721279208999,60.6,99.0
1053,60.0,99,0.010026455398038434,60.6,99.0
1054,60.0,99,0.01002619216242972,60.6,99.0
1055,60.0,99,0.010025931546059077,60.6,99.0
1056,60.0,99,0.010025673522864646,60.6,99.0
1057,60.0,99,0.0100254180670439,60.6,99.0
1058,60.0,99,0.010025165153051038,60.6,99.0
1059,60.0,99,0.010024914755594453,60.6,99.0
1060,60.0,99,0.01002466684963419,60.6,99.0
1061,60.0,99,0.010024421410379444,60.6,99.0
1062,60.0,99,0.01002417841328609,60.6,99.0
1063,60.0,99,0.010023937834054211,60.6,99.0
1064,60.0,99,0.010023699648625687,60.6,99.0
1065,60.0,99,0.010023463833181775,60.6,99.0
1066,60.0,99,0.010023230364140734,60.6,99.0
1067,60.0,99,0.010022999218155467,60.6,99.0
1068,60.0,99,0.01002277037211118,60.6,99.0
1069,60.0,99,0.01002254380312308,60.6,99.0
1070,60.0,99,0.01002231948853408,60.6,99.0
1071,60.0,99,0.010022097405912533,60.6,99.0
1072,60.0,99,0.010021877533049992,60.6,99.0
1073,60.0,99,0.010021659847958985,60.6,99.0
1074,60.0,99,0.010021444328870826,60.6,99.0
1075,60.0,99,0.010021230954233424,60.6,99.0
1076,60.0,99,0.010021019702709136,60.6,99.0
1077,60.0,99,0.010020810553172638,60.6,99.0
1078,60.0,99,0.010020603484708799,60.6,99.0
1079,60.0,99,0.0100203984766106,60.6,99.0
1080,60.0,99,0.01002019550837706,60.6,99.0
1081,60.0,99,0.010019994559711188,60.6,99.0
1082,60.0,99,0.01001979561051795,60.6,99.0
1083,60.0,99,0.01001959864090226,60.6,99.0
1084,60.0,99,0.010019403631166992,60.6,99.0
1085,60.0,99,0.01001921056181101,60.6,99.0
1086,60.0,99,0.01001901941352722,60.3,99.0
1087,60.0,99,0.01001883016720063,60.3,99.0
1088,60.0,99,0.010018642803906453,60.3,99.0
1089,60.0,99,0.010018457304908203,60.3,99.0
1090,60.0,99,0.010018273651655822,60.3,99.0
1091,60.0,99,0.010018091825783837,60.3,99.0
1092,60.0,99,0.010017911809109508,60.3,99.0
1093,60.0,99,0.010017733583631014,60.3,99.0
1094,60.0,99,0.010017557131525663,60.3,99.0
1095,60.0,99,0.010017382435148095,60.3,99.0
1096,60.0,99,0.010017209477028527,60.3,99.0
1097,60.0,99,0.010017038239871004,60.3,99.0
1098,60.0,99,0.010016868706551666,60.3,99.0
1099,60.0,99,0.01001670086011704,60.3,99.0
1100,60.0,99,0.010016534683782344,60.3,99.0
1101,60.0,99,0.010016370160929804,60.3,99.0
1102,60.0,99,0.010016207275107,60.3,99.0
1103,60.0,99,0.010016046010025212,60.3,99.0
1104,60.0,99,0.0100158863495578,60.3,99.0
1105,60.0,99,0.01001572827773858,60.3,99.0
1106,60.0,99,0.010015571778760241,60.3,99.0
1107,60.0,99,0.010015416836972756,60.3,99.0
1108,60.0,99,0.010015263436881815,60.3,99.0
1109,60.0,99,0.010015111563147282,60.3,99.0
1110,60.0,99,0.010014961200581656,60.3,99.0
1111,60.0,99,0.010014812334148557,60.3,99.0
1112,120.0,99,0.010014664948961216,60.9,99.0
1113,60.0,99,0.010014519030280992,60.9,99.0
1114,60.0,99,0.010014374563515895,60.9,99.0
1115,60.0,99,0.01001423153421913,60.9,99.0
1116,60.0,99,0.010014089928087644,60.9,99.0
1117,90.0,99,0.01001394973096071,61.2,99.0
1118,60.0,99,0.010013810928818496,61.2,99.0
1119,60.0,99,0.010013673507780674,61.2,99.0
1120,60.0,99,0.010013537454105024,61.2,99.0
1121,60.0,99,0.010013402754186067,61.2,99.0
1122,60.0,99,0.010013269394553695,61.2,99.0
1123,60.0,99,0.010013137361871838,61.2,99.0
1124,60.0,99,0.010013006642937116,61.2,99.0
1125,60.0,99,0.010012877224677526,61.2,99.0
1126,60.0,99,0.010012749094151136,60.9,99.0
1127,60.0,99,0.010012622238544785,60.9,99.0
1128,60.0,99,0.010012496645172807,60.9,99.0
1129,60.0,99,0.01001237230147576,60.9,99.0
1130,60.0,99,0.01001224919501917,60.9,99.0
1131,60.0,99,0.01001212731349229,60.9,99.0
1132,60.0,99,0.010012006644706866,60.9,99.0
1133,60.0,99,0.010011887176595919,60.9,99.0
1134,60.0,99,0.010011768897212536,60.9,99.0
1135,60.0,99,0.010011651794728682,60.9,99.0
1136,60.0,99,0.010011535857434011,60.9,99.0
1137,60.0,99,0.010011421073734697,60.9,99.0
1138,60.0,99,0.010011307432152275,60.9,99.0
1139,60.0,99,0.01001119492132249,60.9,99.0
1140,60.0,99,0.010011083529994165,60.9,99.0
1141,60.0,99,0.010010973247028078,60.9,99.0
1142,60.0,99,0.010010864061395836,60.9,99.0
1143,60.0,99,0.01001075596217879,60.9,99.0
1144,60.0,99,0.010010648938566923,60.9,99.0
1145,60.0,99,0.010010542979857786,60.9,99.0
1146,60.0,99,0.010010438075455421,60.9,99.0
1147,90.0,99,0.010010334214869302,61.2,99.0
1148,60.0,99,0.010010231387713281,61.2,99.0
1149,60.0,99,0.010010129583704556,61.2,99.0
1150,60.0,99,0.010010028792662645,61.2,99.0
1151,60.0,99,0.010009929004508356,61.2,99.0
1152,60.0,99,0.010009830209262792,61.2,99.0
1153,60.0,99,0.010009732397046348,61.2,99.0
1154,60.0,99,0.010009635558077717,61.2,99.0
1155,60.0,99,0.010009539682672925,61.2,99.0
1156,60.0,99,0.010009444761244348,61.2,99.0
1157,60.0,99,0.010009350784299768,61.2,99.0
1158,60.0,99,0.01000925774244141,61.2,99.0
1159,90.0,99,0.01000916562636501,61.5,99.0
1160,60.0,99,0.010009074426858885,61.5,99.0
1161,60.0,99,0.010008984134803008,61.5,99.0
1162,60.0,99,0.010008894741168098,61.5,99.0
1163,60.0,99,0.010008806237014717,61.5,99.0
1164,60.0,99,0.010008718613492376,61.5,99.0
1165,60.0,99,0.010008631861838651,61.5,99.0
1166,60.0,99,0.010008545973378302,61.5,99.0
1167,60.0,99,0.010008460939522413,61.5,99.0
1168,60.0,99,0.010008376751767528,61.5,99.0
1169,60.0,99,0.010008293401694799,61.5,99.0
1170,60.0,99,0.01000821088096915,61.5,99.0
1171,60.0,99,0.010008129181338442,61.5,99.0
1172,60.0,99,0.01000804829463264,61.5,99.0
1173,60.0,99,0.01000796821276301,61.5,99.0
1174,60.0,99,0.010007888927721297,61.5,99.0
1175,60.0,99,0.010007810431578928,61.5,99.0
1176,60.0,99,0.010007732716486228,61.5,99.0
1177,60.0,99,0.01000765577467162,61.5,99.0
1178,60.0,99,0.010007579598440857,61.5,99.0
1179,60.0,99,0.010007504180176256,61.5,99.0
1180,60.0,99,0.010007429512335927,61.5,99.0
1181,60.0,99,0.010007355587453021,61.5,99.0
1182,60.0,99,0.010007282398134991,61.5,99.0
1183,60.0,99,0.010007209937062844,61.5,99.0
1184,60.0,99,0.01000713819699041,61.5,99.0
1185,60.0,99,0.010007067170743624,61.5,99.0
1186,60.0,99,0.010006996851219802,61.5,99.0
1187,60.0,99,0.010006927231386933,61.5,99.0
1188,60.0,99,0.010006858304282974,61.5,99.0
1189,60.0,99,0.01000679006301516,61.5,99.0
1190,60.0,99,0.010006722500759306,61.5,99.0
1191,60.0,99,0.010006655610759129,61.5,99.0
1192,60.0,99,0.010006589386325575,61.5,99.0
1193,60.0,99,0.010006523820836145,61.5,99.0
1194,60.0,99,0.010006458907734234,61.5,99.0
1195,60.0,99,0.010006394640528481,61.5,99.0
1196,60.0,99,0.010006331012792108,61.5,99.0
1197,60.0,99,0.01000626801816229,61.5,99.0
1198,60.0,99,0.010006205650339512,61.5,99.0
1199,60.0,99,0.010006143903086939,61.5,99.0
1200,60.0,99,0.010006082770229794,61.5,99.0
1201,60.0,99,0.010006022245654743,61.5,99.0
1202,60.0,99,0.010005962323309275,61.5,99.0
1203,60.0,99,0.010005902997201107,61.5,99.0
1204,60.0,99,0.010005844261397577,61.5,99.0
1205,60.0,99,0.010005786110025058,61.5,99.0
1206,60.0,99,0.010005728537268364,61.5,99.0
1207,60.0,99,0.010005671537370168,61.5,99.0
1208,60.0,99,0.010005615104630439,61.5,99.0
1209,60.0,99,0.01000555923340585,61.5,99.0
1210,60.0,99,0.010005503918109233,61.5,99.0
1211,60.0,99,0.010005449153209016,61.5,99.0
1212,60.0,99,0.01000539493322866,60.9,99.0
1213,90.0,99,0.010005341252746124,61.2,99.0
1214,60.0,99,0.010005288106393312,61.2,99.0
1215,60.0,99,0.010005235488855546,61.2,99.0
1216,60.0,99,0.010005183394871029,61.2,99.0
1217,60.0,99,0.010005131819230318,60.9,99.0
1218,60.0,99,0.010005080756775806,60.9,99.0
1219,60.0,99,0.010005030202401208,60.9,99.0
1220,60.0,99,0.01000498015105104,60.9,99.0
1221,60.0,99,0.010004930597720129,60.9,99.0
1222,60.0,99,0.010004881537453098,60.9,99.0
1223,60.0,99,0.01000483296534388,60.9,99.0
1224,60.0,99,0.010004784876535224,60.9,99.0
1225,60.0,99,0.010004737266218209,60.9,99.0
1226,60.0,99,0.010004690129631762,60.9,99.0
1227,60.0,99,0.010004643462062188,60.9,99.0
1228,60.0,99,0.01000459725884269,60.9,99.0
1229,60.0,99,0.010004551515352907,60.9,99.0
1230,60.0,99,0.010004506227018452,60.9,99.0
1231,60.0,99,0.010004461389310455,60.9,99.0
1232,60.0,99,0.010004416997745106,60.9,99.0
1233,60.0,99,0.010004373047883213,60.9,99.0
1234,60.0,99,0.010004329535329752,60.9,99.0
1235,60.0,99,0.010004286455733433,60.9,99.0
1236,120.0,99,0.010004243804786258,61.5,99.0
1237,60.0,99,0.010004201578223099,61.5,99.0
1238,60.0,99,0.010004159771821263,61.5,99.0
1239,60.0,99,0.010004118381400076,61.5,99.0
1240,60.0,99,0.010004077402820461,61.5,99.0
1241,60.0,99,0.010004036831984526,61.5,99.0
1242,60.0,99,0.010003996664835153,61.5,99.0
1243,60.0,99,0.010003956897355594,61.5,99.0
1244,60.0,99,0.010003917525569068,61.5,99.0
1245,60.0,99,0.010003878545538364,61.5,99.0
1246,60.0,99,0.010003839953365446,61.5,99.0
1247,60.0,99,0.010003801745191065,61.2,99.0
1248,60.0,99,0.01000376391719437,61.2,99.0
1249,60.0,99,0.010003726465592533,61.2,99.0
1250,60.0,99,0.010003689386640358,61.2,99.0
1251,60.0,99,0.010003652676629922,61.2,99.0
1252,60.0,99,0.010003616331890194,61.2,99.0
1253,60.0,99,0.01000358034878667,61.2,99.0
1254,60.0,99,0.010003544723721006,61.2,99.0
1255,60.0,99,0.010003509453130669,61.2,99.0
1256,60.0,99,0.01000347453348857,61.2,99.0
1257,60.0,99,0.010003439961302714,61.2,99.0
1258,60.0,99,0.010003405733115854,61.2,99.0
1259,60.0,99,0.010003371845505146,60.9,99.0
1260,60.0,99,0.010003338295081798,60.9,99.0
1261,60.0,99,0.01000330507849074,60.9,99.0
1262,60.0,99,0.010003272192410284,60.9,99.0
1263,60.0,99,0.010003239633551798,60.9,99.0
1264,60.0,99,0.010003207398659366,60.9,99.0
1265,60.0,99,0.010003175484509472,60.9,99.0
1266,60.0,99,0.010003143887910676,60.9,99.0
1267,60.0,99,0.010003112605703291,60.9,99.0
1268,60.0,99,0.01000308163475907,60.9,99.0
1269,60.0,99,0.010003050971980893,60.9,99.0
1270,60.0,99,0.010003020614302456,60.9,99.0
1271,60.0,99,0.010002990558687967,60.9,99.0
1272,60.0,99,0.010002960802131838,60.9,99.0
1273,60.0,99,0.010002931341658392,60.9,99.0
1274,60.0,99,0.010002902174321553,60.9,99.0
1275,60.0,99,0.010002873297204564,60.9,99.0
1276,60.0,99,0.01000284470741969,60.9,99.0
1277,60.0,99,0.01000281640210793,60.9,99.0
1278,60.0,99,0.010002788378438727,60.9,99.0
1279,60.0,99,0.010002760633609692,60.9,99.0
1280,60.0,99,0.010002733164846317,60.9,99.0
1281,60.0,99,0.010002705969401705,60.9,99.0
1282,60.0,99,0.010002679044556288,60.9,99.0
1283,60.0,99,0.01000265238761756,60.9,99.0
1284,60.0,99,0.010002625995919804,60.9,99.0
1285,60.0,99,0.010002599866823827,60.9,99.0
1286,60.0,99,0.0100025739977167,60.9,99.0
1287,60.0,99,0.01000254838601149,60.9,99.0
1288,60.0,99,0.010002523029147005,60.9,99.0
1289,60.0,99,0.010002497924587536,60.9,99.0
1290,60.0,99,0.010002473069822607,60.9,99.0
1291,60.0,99,0.010002448462366724,60.9,99.0
1292,60.0,99,0.010002424099759115,60.9,99.0
1293,60.0,99,0.010002399979563504,60.9,99.0
1294,60.0,99,0.010002376099367848,60.9,99.0
1295,120.0,99,0.01000235245678411,61.5,99.0
1296,120.0,99,0.01000232904944801,62.1,99.0
1297,60.0,99,0.010002305875018797,62.1,99.0
1298,60.0,99,0.010002282931179005,62.1,99.0
1299,60.0,99,0.010002260215634235,62.1,99.0
1300,60.0,99,0.010002237726112912,62.1,99.0
1301,60.0,99,0.010002215460366065,62.1,99.0
1302,60.0,99,0.0100021934161671,62.1,99.0
1303,60.0,99,0.01000217159131158,62.1,99.0
1304,60.0,99,0.010002149983617,62.1,99.0
1305,60.0,99,0.010002128590922576,62.1,99.0
1306,60.0,99,0.010002107411089015,62.1,99.0
1307,60.0,99,0.01000208644199832,62.1,99.0
1308,60.0,99,0.010002065681553565,62.1,99.0
1309,60.0,99,0.010002045127678686,62.1,99.0
1310,60.0,99,0.010002024778318278,62.1,99.0
1311,60.0,99,0.01000200463143739,62.1,99.0
1312,60.0,99,0.010001984685021318,62.1,99.0
1313,60.0,99,0.010001964937075399,61.8,99.0
1314,60.0,99,0.010001945385624827,61.8,99.0
1315,60.0,99,0.010001926028714438,61.8,99.0
1316,60.0,99,0.010001906864408525,61.8,99.0
1317,60.0,99,0.010001887890790642,61.8,99.0
1318,60.0,99,0.010001869105963412,61.8,99.0
1319,60.0,99,0.010001850508048336,61.8,99.0
1320,90.0,99,0.010001832095185606,62.1,99.0
1321,60.0,99,0.010001813865533922,62.1,99.0
1322,60.0,99,0.010001795817270303,62.1,99.0
1323,60.0,99,0.010001777948589908,62.1,99.0
1324,60.0,99,0.010001760257705852,62.1,99.0
1325,60.0,99,0.010001742742849035,62.1,99.0
1326,60.0,99,0.010001725402267955,62.1,99.0
1327,60.0,99,0.010001708234228539,62.1,99.0
1328,60.0,99,0.01000169123701397,62.1,99.0
1329,60.0,99,0.010001674408924511,62.1,99.0
1330,60.0,99,0.01000165774827734,62.1,99.0
1331,60.0,99,0.010001641253406378,62.1,99.0
1332,60.0,99,0.010001624922662126,62.1,99.0
1333,60.0,99,0.010001608754411492,62.1,99.0
1334,60.0,99,0.010001592747037642,62.1,99.0
1335,60.0,99,0.010001576898939822,62.1,99.0
1336,60.0,99,0.010001561208533209,61.5,99.0
1337,60.0,99,0.010001545674248751,61.5,99.0
1338,60.0,99,0.010001530294533007,61.5,99.0
1339,60.0,99,0.01000151506784799,61.5,99.0
1340,60.0,99,0.010001499992671022,61.5,99.0
1341,60.0,99,0.01000148506749457,61.5,99.0
1342,60.0,99,0.010001470290826106,61.5,99.0
1343,60.0,99,0.01000145566118795,61.5,99.0
1344,60.0,99,0.010001441177117125,61.5,99.0
1345,60.0,99,0.010001426837165211,61.5,99.0
1346,60.0,99,0.010001412639898205,61.5,99.0
1347,60.0,99,0.010001398583896365,61.5,99.0
1348,60.0,99,0.01000138466775408,61.5,99.0
1349,60.0,99,0.010001370890079726,61.5,99.0
1350,60.0,99,0.01000135724949552,61.5,99.0
1351,60.0,99,0.010001343744637396,61.5,99.0
1352,60.0,99,0.010001330374154856,61.5,99.0
1353,60.0,99,0.010001317136710838,61.5,99.0
1354,60.0,99,0.010001304030981591,61.5,99.0
1355,60.0,99,0.010001291055656527,61.5,99.0
1356,60.0,99,0.010001278209438106,61.5,99.0
1357,60.0,99,0.010001265491041694,61.5,99.0
1358,60.0,99,0.01000125289919544,61.5,99.0
1359,60.0,99,0.01000124043264015,61.5,99.0
1360,60.0,99,0.010001228090129157,61.5,99.0
1361,90.0,99,0.0100012158704282,61.8,99.0
1362,60.0,99,0.0100012037723153,61.8,99.0
1363,60.0,99,0.010001191794580635,61.8,99.0
1364,60.0,99,0.010001179936026422,61.8,99.0
1365,60.0,99,0.010001168195466793,61.8,99.0
1366,60.0,99,0.010001156571727685,61.8,99.0
1367,60.0,99,0.010001145063646714,61.8,99.0
1368,60.0,99,0.010001133670073062,61.8,99.0
1369,60.0,99,0.01000112238986736,61.8,99.0
1370,60.0,99,0.010001111221901582,61.8,99.0
1371,60.0,99,0.01000110016505892,61.8,99.0
1372,60.0,99,0.01000108921823368,61.8,99.0
1373,60.0,99,0.010001078380331171,61.8,99.0
1374,60.0,99,0.010001067650267596,61.8,99.0
1375,60.0,99,0.010001057026969934,61.8,99.0
1376,60.0,99,0.010001046509375852,61.8,99.0
1377,60.0,99,0.01000103609643358,61.8,99.0
1378,60.0,99,0.010001025787101813,61.8,99.0
1379,60.0,99,0.010001015580349612,61.8,99.0
1380,60.0,99,0.010001005475156293,61.8,99.0
1381,60.0,99,0.010000995470511326,61.8,99.0
1382,60.0,99,0.01000098556541424,61.8,99.0
1383,60.0,99,0.010000975758874518,61.8,99.0
1384,60.0,99,0.010000966049911497,61.8,99.0
1385,60.0,99,0.01000095643755427,61.8,99.0
1386,60.0,99,0.010000946920841596,61.8,99.0
1387,60.0,99,0.010000937498821796,61.8,99.0
1388,60.0,99,0.01000092817055266,61.8,99.0
1389,60.0,99,0.010000918935101352,61.8,99.0
1390,60.0,99,0.010000909791544318,61.8,99.0
1391,60.0,99,0.0100009007389672,61.8,99.0
1392,60.0,99,0.010000891776464727,61.8,99.0
1393,60.0,99,0.010000882903140645,61.8,99.0
1394,60.0,99,0.010000874118107612,61.8,99.0
1395,60.0,99,0.010000865420487118,61.2,99.0
1396,60.0,99,0.010000856809409394,60.6,99.0
1397,60.0,99,0.010000848284013326,60.6,99.0
1398,60.0,99,0.010000839843446366,60.6,99.0
1399,60.0,99,0.01000083148686445,60.6,99.0
1400,60.0,99,0.010000823213431913,60.6,99.0
1401,60.0,99,0.010000815022321405,60.6,99.0
1402,60.0,99,0.01000080691271381,60.6,99.0
1403,60.0,99,0.010000798883798156,60.6,99.0
1404,60.0,99,0.01000079093477155,60.6,99.0
1405,60.0,99,0.01000078306483908,60.6,99.0
1406,60.0,99,0.010000775273213745,60.6,99.0
1407,60.0,99,0.010000767559116379,60.6,99.0
1408,60.0,99,0.010000759921775564,60.6,99.0
1409,60.0,99,0.01000075236042756,60.6,99.0
1410,60.0,99,0.010000744874316224,60.6,99.0
1411,60.0,99,0.010000737462692942,60.6,99.0
1412,60.0,99,0.010000730124816544,60.6,99.0
1413,60.0,99,0.010000722859953235,60.6,99.0
1414,60.0,99,0.010000715667376524,60.6,99.0
1415,60.0,99,0.010000708546367148,60.6,99.0
1416,60.0,99,0.010000701496212999,60.6,99.0
1417,60.0,99,0.010000694516209054,60.6,99.0
1418,60.0,99,0.01000068760565731,60.6,99.0
1419,60.0,99,0.010000680763866706,60.6,99.0
1420,60.0,99,0.010000673990153053,60.3,99.0
1421,60.0,99,0.01000066728383898,60.3,99.0
1422,60.0,99,0.010000660644253844,60.3,99.0
1423,60.0,99,0.010000654070733687,60.3,99.0
1424,60.0,99,0.010000647562621147,60.3,99.0
1425,60.0,99,0.01000064111926541,60.3,99.0
1426,60.0,99,0.010000634740022132,60.3,99.0
1427,60.0,99,0.010000628424253385,60.3,99.0
1428,60.0,99,0.010000622171327588,60.3,99.0
1429,60.0,99,0.010000615980619442,60.3,99.0
1430,60.0,99,0.01000060985150987,60.3,99.0
1431,60.0,99,0.010000603783385959,60.3,99.0
1432,60.0,99,0.01000059777564089,60.3,99.0
1433,60.0,99,0.010000591827673882,60.3,99.0
1434,60.0,99,0.010000585938890135,60.3,99.0
1435,60.0,99,0.010000580108700766,60.3,99.0
1436,60.0,99,0.010000574336522749,60.3,99.0
1437,60.0,99,0.010000568621778864,60.3,99.0
1438,60.0,99,0.010000562963897631,60.3,99.0
1439,60.0,99,0.010000557362313256,60.3,99.0
1440,60.0,99,0.010000551816465577,60.3,99.0
1441,60.0,99,0.010000546325800004,60.3,99.0
1442,60.0,99,0.010000540889767467,60.3,99.0
1443,60.0,99,0.010000535507824357,60.3,99.0
1444,60.0,99,0.010000530179432476,60.3,99.0
1445,90.0,99,0.01000052490405898,60.6,99.0
1446,60.0,99,0.010000519681176328,60.6,99.0
1447,60.0,99,0.010000514510262227,60.6,99.0
1448,60.0,99,0.01000050939079958,60.6,99.0
1449,60.0,99,0.010000504322276437,60.6,99.0
1450,60.0,99,0.010000499304185942,60.6,99.0
1451,60.0,99,0.010000494336026282,60.6,99.0
1452,60.0,99,0.010000489417300638,60.6,99.0
1453,60.0,99,0.01000048454751713,60.6,99.0
1454,60.0,99,0.010000479726188779,60.6,99.0
1455,60.0,99,0.010000474952833445,60.6,99.0
1456,60.0,99,0.010000470226973791,60.6,99.0
1457,60.0,99,0.010000465548137227,60.6,99.0
1458,60.0,99,0.010000460915855863,60.6,99.0
1459,60.0,99,0.010000456329666469,60.6,99.0
1460,60.0,99,0.010000451789110423,60.6,99.0
1461,60.0,99,0.010000447293733663,60.3,99.0
1462,60.0,99,0.01000044284308665,60.3,99.0
1463,60.0,99,0.010000438436724315,60.3,99.0
1464,60.0,99,0.010000434074206019,60.3,99.0
1465,60.0,99,0.010000429755095503,60.3,99.0
1466,60.0,99,0.010000425478960856,60.3,99.0
1467,60.0,99,0.01000042124537446,60.3,99.0
1468,60.0,99,0.010000417053912952,60.3,99.0
1469,60.0,99,0.010000412904157182,60.3,99.0
1470,60.0,99,0.010000408795692172,60.3,99.0
1471,60.0,99,0.010000404728107072,60.3,99.0
1472,60.0,99,0.010000400700995121,60.3,99.0
1473,60.0,99,0.010000396713953601,60.3,99.0
1474,90.0,99,0.010000392766583809,60.6,99.0
1475,60.0,99,0.010000388858491003,60.6,99.0
1476,60.0,99,0.010000384989284369,60.6,99.0
1477,60.0,99,0.010000381158576986,60.6,99.0
1478,60.0,99,0.010000377365985776,60.6,99.0
1479,60.0,99,0.01000037361113148,60.6,99.0
1480,60.0,99,0.01000036989363861,60.6,99.0
1481,60.0,99,0.010000366213135409,60.6,99.0
1482,60.0,99,0.010000362569253829,60.6,99.0
1483,60.0,99,0.010000358961629477,60.6,99.0
1484,60.0,99,0.010000355389901586,60.6,99.0
1485,60.0,99,0.01000035185371298,60.6,99.0
1486,60.0,99,0.010000348352710041,60.6,99.0
1487,60.0,99,0.010000344886542662,60.6,99.0
1488,60.0,99,0.010000341454864224,60.6,99.0
1489,60.0,99,0.010000338057331559,60.6,99.0
1490,60.0,99,0.010000334693604907,60.6,99.0
1491,60.0,99,0.010000331363347895,60.6,99.0
1492,60.0,99,0.010000328066227493,60.6,99.0
1493,60.0,99,0.01000032480191399,60.6,99.0
1494,60.0,99,0.010000321570080946,60.6,99.0
1495,60.0,99,0.01000031837040518,60.6,99.0
1496,60.0,99,0.010000315202566718,60.6,99.0
1497,60.0,99,0.010000312066248776,60.6,99.0
1498,60.0,99,0.010000308961137721,60.6,99.0
1499,60.0,99,0.010000305886923036,60.6,99.0
1500,60.0,99,0.010000302843297297,60.6,99.0
1501,60.0,99,0.010000299829956141,60.6,99.0
1502,60.0,99,0.01000029684659823,60.6,99.0
1503,60.0,99,0.010000293892925227,60.6,99.0
1504,60.0,99,0.01000029096864176,60.6,99.0
1505,60.0,99,0.010000288073455401,60.6,99.0
1506,60.0,99,0.010000285207076628,60.6,99.0
1507,60.0,99,0.010000282369218799,60.6,99.0
1508,60.0,99,0.010000279559598129,60.6,99.0
1509,60.0,99,0.01000027677793365,60.6,99.0
1510,60.0,99,0.010000274023947195,60.6,99.0
1511,60.0,99,0.010000271297363365,60.6,99.0
1512,60.0,99,0.010000268597909496,60.6,99.0
1513,60.0,99,0.010000265925315641,60.6,99.0
1514,60.0,99,0.01000026327931454,60.6,99.0
1515,60.0,99,0.01000026065964159,60.6,99.0
1516,60.0,99,0.010000258066034821,60.6,99.0
1517,60.0,99,0.010000255498234871,60.6,99.0
1518,60.0,99,0.010000252955984957,60.6,99.0
1519,60.0,99,0.010000250439030854,60.6,99.0
1520,60.0,99,0.010000247947120861,60.6,99.0
1521,60.0,99,0.010000245480005786,60.6,99.0
1522,90.0,99,0.010000243037438917,60.9,99.0
1523,60.0,99,0.010000240619175996,60.9,99.0
1524,60.0,99,0.010000238224975191,60.9,99.0
1525,60.0,99,0.010000235854597084,60.9,99.0
1526,60.0,99,0.01000023350780463,60.9,99.0
1527,60.0,99,0.010000231184363153,60.9,99.0
1528,60.0,99,0.010000228884040306,60.9,99.0
1529,60.0,99,0.010000226606606053,60.9,99.0
1530,60.0,99,0.010000224351832648,60.9,99.0
1531,60.0,99,0.010000222119494615,60.9,99.0
1532,60.0,99,0.010000219909368717,60.9,99.0
1533,60.0,99,0.010000217721233938,60.9,99.0
1534,60.0,99,0.010000215554871463,60.9,99.0
1535,60.0,99,0.010000213410064657,60.9,99.0
1536,60.0,99,0.010000211286599033,60.9,99.0
1537,60.0,99,0.010000209184262247,60.9,99.0
1538,60.0,99,0.01000020710284406,60.9,99.0
1539,60.0,99,0.01000020504213633,60.9,99.0
1540,60.0,99,0.010000203001932986,60.9,99.0
1541,60.0,99,0.010000200982030003,60.9,99.0
1542,60.0,99,0.010000198982225391,60.9,99.0
1543,90.0,99,0.010000197002319168,61.2,99.0
1544,60.0,99,0.01000019504211334,61.2,99.0
1545,60.0,99,0.010000193101411887,60.9,99.0
1546,60.0,99,0.010000191180020735,60.9,99.0
1547,60.0,99,0.010000189277747745,60.9,99.0
1548,60.0,99,0.010000187394402687,60.9,99.0
1549,60.0,99,0.010000185529797227,60.9,99.0
1550,60.0,99,0.010000183683744899,60.9,99.0
1551,60.0,99,0.010000181856061099,60.9,99.0
1552,120.0,99,0.010000180046563058,61.5,99.0
1553,60.0,99,0.010000178255069823,61.5,99.0
1554,60.0,99,0.010000176481402244,61.5,99.0
1555,60.0,99,0.01000017472538295,61.5,99.0
1556,60.0,99,0.010000172986836342,61.5,99.0
1557,60.0,99,0.010000171265588562,61.5,99.0
1558,60.0,99,0.010000169561467482,61.5,99.0
1559,60.0,99,0.01000016787430269,61.5,99.0
1560,60.0,99,0.01000016620392547,61.5,99.0
1561,60.0,99,0.01000016455016878,61.5,99.0
1562,60.0,99,0.010000162912867244,61.5,99.0
1563,60.0,99,0.010000161291857131,61.5,99.0
1564,60.0,99,0.010000159686976337,61.5,99.0
1565,60.0,99,0.010000158098064375,61.5,99.0
1566,60.0,99,0.01000015652496235,61.5,99.0
1567,60.0,99,0.010000154967512952,61.5,99.0
1568,60.0,99,0.010000153425560435,61.5,99.0
1569,60.0,99,0.010000151898950602,61.5,99.0
1570,60.0,99,0.01000015038753079,61.5,99.0
1571,60.0,99,0.010000148891149856,61.5,99.0
1572,60.0,99,0.010000147409658162,61.5,99.0
1573,60.0,99,0.010000145942907556,61.5,99.0
1574,60.0,99,0.010000144490751362,61.2,99.0
1575,60.0,99,0.010000143053044365,61.2,99.0
1576,60.0,99,0.010000141629642792,61.2,99.0
1577,60.0,99,0.010000140220404298,61.2,99.0
1578,60.0,99,0.010000138825187965,61.2,99.0
1579,60.0,99,0.010000137443854265,61.2,99.0
1580,60.0,99,0.010000136076265065,61.2,99.0
1581,60.0,99,0.010000134722283604,61.2,99.0
1582,60.0,99,0.010000133381774485,61.2,99.0
1583,60.0,99,0.010000132054603653,61.2,99.0
1584,60.0,99,0.010000130740638394,61.2,99.0
1585,60.0,99,0.010000129439747306,61.2,99.0
1586,60.0,99,0.0100001281518003,61.2,99.0
1587,60.0,99,0.010000126876668581,61.2,99.0
1588,60.0,99,0.010000125614224637,61.2,99.0
1589,60.0,99,0.010000124364342217,61.2,99.0
1590,60.0,99,0.010000123126896337,61.2,99.0
1591,90.0,99,0.010000121901763248,61.5,99.0
1592,60.0,99,0.010000120688820438,61.5,99.0
1593,60.0,99,0.01000011948794661,61.5,99.0
1594,60.0,99,0.010000118299021676,61.5,99.0
1595,60.0,99,0.010000117121926742,61.5,99.0
1596,60.0,99,0.010000115956544101,61.5,99.0
1597,60.0,99,0.010000114802757209,61.5,99.0
1598,60.0,99,0.010000113660450689,61.5,99.0
1599,60.0,99,0.010000112529510307,61.5,99.0
1600,60.0,99,0.010000111409822971,61.5,99.0
1601,60.0,99,0.010000110301276711,61.5,99.0
1602,60.0,99,0.010000109203760672,61.5,99.0
1603,60.0,99,0.010000108117165098,61.5,99.0
1604,90.0,99,0.01000010704138133,61.8,99.0
1605,60.0,99,0.01000010597630179,61.8,99.0
1606,60.0,99,0.010000104921819969,61.8,99.0
1607,60.0,99,0.010000103877830416,61.8,99.0
1608,60.0,99,0.010000102844228734,61.8,99.0
1609,60.0,99,0.01000010182091156,61.8,99.0
1610,60.0,99,0.010000100807776562,61.8,99.0
1611,60.0,99,0.010000099804722426,61.8,99.0
1612,60.0,99,0.010000098811648846,61.8,99.0
1613,60.0,99,0.010000097828456511,61.8,99.0
1614,60.0,99,0.010000096855047106,61.8,99.0
1615,60.0,99,0.010000095891323285,61.8,99.0
1616,60.0,99,0.010000094937188675,61.8,99.0
1617,60.0,99,0.010000093992547865,61.8,99.0
1618,60.0,99,0.010000093057306387,61.8,99.0
1619,60.0,99,0.010000092131370718,61.8,99.0
1620,60.0,99,0.010000091214648262,61.8,99.0
1621,60.0,99,0.010000090307047347,61.8,99.0
1622,60.0,99,0.010000089408477212,61.5,99.0
1623,60.0,99,0.010000088518848,61.5,99.0
1624,60.0,99,0.010000087638070747,61.5,99.0
1625,60.0,99,0.010000086766057372,61.5,99.0
1626,60.0,99,0.010000085902720677,61.5,99.0
1627,60.0,99,0.010000085047974325,61.5,99.0
1628,90.0,99,0.010000084201732842,61.8,99.0
1629,60.0,99,0.0100000833639116,61.8,99.0
1630,60.0,99,0.010000082534426821,61.8,99.0
1631,60.0,99,0.010000081713195552,61.8,99.0
1632,60.0,99,0.010000080900135672,61.8,99.0
1633,60.0,99,0.010000080095165871,61.8,99.0
1634,60.0,99,0.010000079298205657,61.8,99.0
1635,60.0,99,0.010000078509175326,61.8,99.0
1636,60.0,99,0.010000077727995979,61.8,99.0
1637,60.0,99,0.010000076954589498,61.8,99.0
1638,60.0,99,0.010000076188878538,61.8,99.0
1639,60.0,99,0.01000007543078653,61.8,99.0
1640,60.0,99,0.010000074680237664,61.8,99.0
1641,60.0,99,0.010000073937156883,61.8,99.0
1642,60.0,99,0.01000007320146988,61.8,99.0
1643,60.0,99,0.010000072473103085,61.5,99.0
1644,60.0,99,0.01000007175198366,61.5,99.0
1645,60.0,99,0.010000071038039494,61.5,99.0
1646,60.0,99,0.010000070331199191,61.5,99.0
1647,60.0,99,0.010000069631392067,61.5,99.0
1648,60.0,99,0.01000006893854814,61.5,99.0
1649,60.0,99,0.010000068252598124,61.5,99.0
1650,60.0,99,0.010000067573473426,61.5,99.0
1651,60.0,99,0.01000006690110613,61.5,99.0
1652,120.0,99,0.010000066235429003,61.5,99.0
1653,90.0,99,0.010000065576375472,61.8,99.0
1654,60.0,99,0.010000064923879634,61.8,99.0
1655,60.0,99,0.010000064277876239,61.8,99.0
1656,60.0,99,0.010000063638300683,61.8,99.0
1657,60.0,99,0.010000063005089013,61.8,99.0
1658,60.0,99,0.010000062378177901,61.8,99.0
1659,60.0,99,0.01000006175750466,61.8,99.0
1660,60.0,99,0.010000061143007222,61.8,99.0
1661,60.0,99,0.010000060534624135,61.8,99.0
1662,60.0,99,0.010000059932294561,61.8,99.0
1663,60.0,99,0.010000059335958267,61.8,99.0
1664,60.0,99,0.010000058745555618,61.8,99.0
1665,60.0,99,0.010000058161027572,61.8,99.0
1666,60.0,99,0.010000057582315678,61.8,99.0
1667,60.0,99,0.010000057009362065,61.8,99.0
1668,60.0,99,0.010000056442109434,61.8,99.0
1669,60.0,99,0.010000055880501062,61.8,99.0
1670,60.0,99,0.010000055324480787,61.8,99.0
1671,60.0,99,0.010000054773993005,61.8,99.0
1672,60.0,99,0.010000054228982667,61.8,99.0
1673,60.0,99,0.010000053689395275,61.8,99.0
1674,60.0,99,0.010000053155176866,61.8,99.0
1675,60.0,99,0.01000005262627402,61.8,99.0
1676,60.0,99,0.010000052102633843,61.8,99.0
1677,60.0,99,0.010000051584203975,61.8,99.0
1678,60.0,99,0.010000051070932568,61.8,99.0
1679,60.0,99,0.010000050562768299,61.8,99.0
1680,60.0,99,0.01000005005966035,61.8,99.0
1681,60.0,99,0.010000049561558406,61.8,99.0
1682,60.0,99,0.01000004906841266,61.8,99.0
1683,60.0,99,0.010000048580173797,61.8,99.0
1684,60.0,99,0.010000048096792991,61.8,99.0
1685,60.0,99,0.010000047618221904,61.8,99.0
1686,60.0,99,0.01000004714441268,61.8,99.0
1687,60.0,99,0.010000046675317936,61.8,99.0
1688,60.0,99,0.010000046210890762,61.8,99.0
1689,60.0,99,0.010000045751084716,61.8,99.0
1690,90.0,99,0.010000045295853818,62.1,99.0
1691,60.0,99,0.010000044845152541,61.8,99.0
1692,60.0,99,0.010000044398935818,61.8,99.0
1693,60.0,99,0.010000043957159026,61.8,99.0
1694,60.0,99,0.010000043519777985,61.8,99.0
1695,60.0,99,0.010000043086748959,61.8,99.0
1696,60.0,99,0.010000042658028644,61.8,99.0
1697,60.0,99,0.010000042233574168,61.8,99.0
1698,60.0,99,0.010000041813343083,61.8,99.0
1699,60.0,99,0.010000041397293368,61.8,99.0
1700,60.0,99,0.010000040985383415,61.8,99.0
1701,60.0,99,0.010000040577572037,61.8,99.0
1702,60.0,99,0.01000004017381845,61.8,99.0
1703,60.0,99,0.010000039774082276,61.8,99.0
1704,60.0,99,0.010000039378323547,61.5,99.0
1705,60.0,99,0.01000003898650268,61.5,99.0
1706,60.0,99,0.010000038598580497,61.5,99.0
1707,60.0,99,0.010000038214518205,61.5,99.0
1708,60.0,99,0.010000037834277395,61.5,99.0
1709,60.0,99,0.010000037457820044,61.5,99.0
1710,60.0,99,0.010000037085108507,61.5,99.0
1711,60.0,99,0.010000036716105512,61.5,99.0
1712,60.0,99,0.010000036350774158,61.5,99.0
1713,60.0,99,0.010000035989077912,61.5,99.0
1714,60.0,99,0.010000035630980604,61.5,99.0
1715,60.0,99,0.010000035276446424,61.5,99.0
1716,60.0,99,0.010000034925439917,61.5,99.0
1717,60.0,99,0.010000034577925983,61.5,99.0
1718,60.0,99,0.010000034233869871,61.5,99.0
1719,60.0,99,0.010000033893237174,61.5,99.0
1720,60.0,99,0.01000003355599383,61.5,99.0
1721,60.0,99,0.010000033222106111,61.5,99.0
1722,60.0,99,0.010000032891540634,61.5,99.0
1723,60.0,99,0.010000032564264336,61.5,99.0
1724,60.0,99,0.010000032240244492,61.5,99.0
1725,60.0,99,0.010000031919448699,61.5,99.0
1726,60.0,99,0.010000031601844877,61.5,99.0
1727,120.0,99,0.010000031287401267,62.1,99.0
1728,60.0,99,0.010000030976086424,61.8,99.0
1729,60.0,99,0.010000030667869213,61.8,99.0
1730,60.0,99,0.010000030362718817,61.8,99.0
1731,60.0,99,0.010000030060604716,61.8,99.0
1732,120.0,99,0.010000029761496701,62.4,99.0
1733,60.0,99,0.010000029465364862,62.4,99.0
1734,60.0,99,0.010000029172179582,62.4,99.0
1735,60.0,99,0.010000028881911547,62.4,99.0
1736,60.0,99,0.010000028594531725,62.4,99.0
1737,60.0,99,0.01000002831001138,62.4,99.0
1738,60.0,99,0.01000002802832206,62.4,99.0
1739,60.0,99,0.010000027749435597,62.4,99.0
1740,90.0,99,0.010000027473324099,62.7,99.0
1741,60.0,99,0.010000027199959956,62.7,99.0
1742,60.0,99,0.010000026929315833,62.7,99.0
1743,90.0,99,0.010000026661364663,63.0,99.0
1744,60.0,99,0.010000026396079652,63.0,99.0
1745,60.0,99,0.010000026133434271,63.0,99.0
1746,60.0,99,0.010000025873402256,63.0,99.0
1747,60.0,99,0.010000025615957602,63.0,99.0
1748,60.0,99,0.010000025361074565,63.0,99.0
1749,60.0,99,0.010000025108727656,63.0,99.0
1750,60.0,99,0.010000024858891642,63.0,99.0
1751,60.0,99,0.010000024611541538,63.0,99.0
1752,60.0,99,0.010000024366652607,62.4,99.0
1753,60.0,99,0.010000024124200363,62.1,99.0
1754,60.0,99,0.01000002388416056,62.1,99.0
1755,60.0,99,0.01000002364650919,62.1,99.0
1756,60.0,99,0.010000023411222492,62.1,99.0
1757,60.0,99,0.010000023178276937,62.1,99.0
1758,60.0,99,0.010000022947649227,62.1,99.0
1759,60.0,99,0.010000022719316303,62.1,99.0
1760,60.0,99,0.010000022493255328,62.1,99.0
1761,60.0,99,0.010000022269443699,62.1,99.0
1762,60.0,99,0.010000022047859032,62.1,99.0
1763,60.0,99,0.010000021828479169,62.1,99.0
1764,90.0,99,0.010000021611282172,62.4,99.0
1765,60.0,99,0.010000021396246322,62.4,99.0
1766,60.0,99,0.010000021183350114,62.4,99.0
1767,60.0,99,0.010000020972572257,62.4,99.0
1768,60.0,99,0.010000020763891677,62.4,99.0
1769,60.0,99,0.010000020557287503,62.4,99.0
1770,90.0,99,0.010000020352739074,62.7,99.0
1771,60.0,99,0.010000020150225938,62.7,99.0
1772,60.0,99,0.010000019949727839,62.7,99.0
1773,60.0,99,0.01000001975122473,62.7,99.0
1774,60.0,99,0.010000019554696761,62.7,99.0
1775,60.0,99,0.010000019360124277,62.7,99.0
1776,60.0,99,0.010000019167487823,62.7,99.0
1777,60.0,99,0.010000018976768131,62.7,99.0
1778,60.0,99,0.010000018787946133,62.7,99.0
1779,60.0,99,0.010000018601002946,62.7,99.0
1780,60.0,99,0.010000018415919874,62.7,99.0
1781,60.0,99,0.01000001823267841,62.7,99.0
1782,60.0,99,0.010000018051260228,62.7,99.0
1783,60.0,99,0.010000017871647188,62.7,99.0
1784,60.0,99,0.010000017693821328,62.7,99.0
1785,60.0,99,0.010000017517764864,62.7,99.0
1786,60.0,99,0.01000001734346019,62.7,99.0
1787,60.0,99,0.010000017170889879,62.7,99.0
1788,60.0,99,0.01000001700003667,62.7,99.0
1789,60.0,99,0.010000016830883479,62.7,99.0
1790,60.0,99,0.01000001666341339,62.4,99.0
1791,60.0,99,0.010000016497609657,62.4,99.0
1792,60.0,99,0.010000016333455698,62.4,99.0
1793,60.0,99,0.010000016170935098,62.4,99.0
1794,60.0,99,0.010000016010031604,62.4,99.0
1795,60.0,99,0.010000015850729129,62.4,99.0
1796,60.0,99,0.01000001569301174,62.4,99.0
1797,60.0,99,0.010000015536863664,62.4,99.0
1798,60.0,99,0.010000015382269287,62.4,99.0
1799,60.0,99,0.01000001522921315,62.4,99.0
1800,60.0,99,0.010000015077679947,62.4,99.0
1801,60.0,99,0.010000014927654526,62.4,99.0
1802,60.0,99,0.010000014779121881,62.4,99.0
1803,60.0,99,0.01000001463206716,62.4,99.0
1804,60.0,99,0.01000001448647566,62.4,99.0
1805,120.0,99,0.01000001434233282,63.0,99.0
1806,60.0,99,0.010000014199624223,63.0,99.0
1807,60.0,99,0.010000014058335602,63.0,99.0
1808,60.0,99,0.010000013918452825,63.0,99.0
1809,60.0,99,0.010000013779961906,63.0,99.0
1810,60.0,99,0.010000013642848993,63.0,99.0
1811,60.0,99,0.010000013507100378,63.0,99.0
1812,60.0,99,0.010000013372702484,63.0,99.0
1813,60.0,99,0.010000013239641871,63.0,99.0
1814,60.0,99,0.010000013107905234,63.0,99.0
1815,60.0,99,0.010000012977479397,63.0,99.0
1816,60.0,99,0.010000012848351319,63.0,99.0
1817,60.0,99,0.010000012720508088,63.0,99.0
1818,60.0,99,0.010000012593936918,63.0,99.0
1819,60.0,99,0.010000012468625152,63.0,99.0
1820,60.0,99,0.010000012344560258,63.0,99.0
1821,60.0,99,0.010000012221729832,63.0,99.0
1822,60.0,99,0.010000012100121587,63.0,99.0
1823,60.0,99,0.010000011979723366,63.0,99.0
1824,60.0,99,0.010000011860523126,63.0,99.0
1825,60.0,99,0.01000001174250895,63.0,99.0
1826,60.0,99,0.010000011625669034,63.0,99.0
1827,60.0,99,0.010000011509991694,62.4,99.0
1828,60.0,99,0.010000011395465363,62.4,99.0
1829,60.0,99,0.010000011282078588,62.4,99.0
1830,60.0,99,0.010000011169820031,62.4,99.0
1831,60.0,99,0.010000011058678464,62.4,99.0
1832,60.0,99,0.010000010948642776,61.8,99.0
1833,60.0,99,0.01000001083970196,61.8,99.0
1834,60.0,99,0.010000010731845123,61.8,99.0
1835,60.0,99,0.01000001062506148,61.8,99.0
1836,60.0,99,0.010000010519340352,61.8,99.0
1837,60.0,99,0.010000010414671166,61.8,99.0
1838,60.0,99,0.010000010311043457,61.8,99.0
1839,60.0,99,0.01000001020844686,61.8,99.0
1840,60.0,99,0.010000010106871116,61.5,99.0
1841,60.0,99,0.010000010006306069,61.5,99.0
1842,60.0,99,0.01000000990674166,61.5,99.0
1843,60.0,99,0.010000009808167933,61.2,99.0
1844,60.0,99,0.010000009710575032,61.2,99.0
1845,60.0,99,0.010000009613953196,61.2,99.0
1846,60.0,99,0.010000009518292764,61.2,99.0
1847,60.0,99,0.010000009423584168,61.2,99.0
1848,60.0,99,0.01000000932981794,61.2,99.0
1849,60.0,99,0.010000009236984698,61.2,99.0
1850,60.0,99,0.010000009145075166,61.2,99.0
1851,60.0,99,0.010000009054080147,61.2,99.0
1852,60.0,99,0.010000008963990545,61.2,99.0
1853,60.0,99,0.010000008874797349,61.2,99.0
1854,60.0,99,0.010000008786491639,61.2,99.0
1855,60.0,99,0.010000008699064587,61.2,99.0
1856,60.0,99,0.010000008612507449,61.2,99.0
1857,60.0,99,0.010000008526811568,61.2,99.0
1858,60.0,99,0.010000008441968375,61.2,99.0
1859,60.0,99,0.010000008357969386,61.2,99.0
1860,60.0,99,0.0100000082748062,61.2,99.0
1861,60.0,99,0.010000008192470503,61.2,99.0
1862,60.0,99,0.01000000811095406,61.2,99.0
1863,60.0,99,0.010000008030248718,61.2,99.0
1864,60.0,99,0.01000000795034641,60.9,99.0
1865,60.0,99,0.01000000787123914,60.9,99.0
1866,60.0,99,0.010000007792919001,60.9,99.0
1867,60.0,99,0.010000007715378163,60.9,99.0
1868,60.0,99,0.010000007638608867,60.9,99.0
1869,60.0,99,0.01000000756260344,60.9,99.0
1870,60.0,99,0.010000007487354277,60.6,99.0
1871,60.0,99,0.010000007412853857,60.6,99.0
1872,60.0,99,0.01000000733909473,60.6,99.0
1873,60.0,99,0.010000007266069517,60.6,99.0
1874,60.0,99,0.010000007193770916,60.6,99.0
1875,60.0,99,0.0100000071221917,60.6,99.0
1876,60.0,99,0.010000007051324708,60.6,99.0
1877,60.0,99,0.010000006981162856,60.6,99.0
1878,60.0,99,0.010000006911699125,60.6,99.0
1879,60.0,99,0.01000000684292657,60.6,99.0
1880,60.0,99,0.010000006774838312,60.6,99.0
1881,60.0,99,0.010000006707427544,60.6,99.0
1882,60.0,99,0.010000006640687526,60.6,99.0
1883,60.0,99,0.010000006574611581,60.6,99.0
1884,60.0,99,0.010000006509193103,60.6,99.0
1885,60.0,99,0.010000006444425549,60.6,99.0
1886,60.0,99,0.010000006380302443,60.6,99.0
1887,60.0,99,0.010000006316817373,60.6,99.0
1888,60.0,99,0.010000006253963991,60.6,99.0
1889,60.0,99,0.01000000619173601,60.6,99.0
1890,60.0,99,0.010000006130127206,60.6,99.0
1891,60.0,99,0.010000006069131422,60.6,99.0
1892,60.0,99,0.010000006008742554,60.6,99.0
1893,60.0,99,0.010000005948954567,60.6,99.0
1894,60.0,99,0.01000000588976148,60.6,99.0
1895,60.0,99,0.010000005831157375,60.6,99.0
1896,60.0,99,0.01000000577313639,60.6,99.0
1897,60.0,99,0.010000005715692721,60.6,99.0
1898,60.0,99,0.01000000565882063,60.6,99.0
1899,60.0,99,0.010000005602514423,60.6,99.0
1900,60.0,99,0.010000005546768474,60.6,99.0
1901,60.0,99,0.010000005491577205,60.6,99.0
1902,90.0,99,0.010000005436935099,60.9,99.0
1903,60.0,99,0.01000000538283669,60.9,99.0
1904,60.0,99,0.01000000532927657,60.9,99.0
1905,60.0,99,0.010000005276249382,60.3,99.0
1906,60.0,99,0.010000005223749824,60.3,99.0
1907,60.0,99,0.010000005171772646,60.3,99.0
1908,60.0,99,0.010000005120312648,60.3,99.0
1909,120.0,99,0.010000005069364685,60.9,99.0
1910,60.0,99,0.010000005018923664,60.9,99.0
1911,60.0,99,0.010000004968984538,60.9,99.0
1912,60.0,99,0.010000004919542317,60.9,99.0
1913,60.0,99,0.010000004870592053,60.9,99.0
1914,60.0,99,0.010000004822128853,60.9,99.0
1915,60.0,99,0.010000004774147869,60.9,99.0
1916,60.0,99,0.010000004726644304,60.9,99.0
1917,60.0,99,0.010000004679613407,60.9,99.0
1918,60.0,99,0.010000004633050475,60.9,99.0
1919,60.0,99,0.010000004586950852,60.9,99.0
1920,60.0,99,0.010000004541309929,60.9,99.0
1921,60.0,99,0.01000000449612314,60.9,99.0
1922,60.0,99,0.010000004451385968,60.9,99.0
1923,60.0,99,0.010000004407093938,60.9,99.0
1924,60.0,99,0.01000000436324262,60.9,99.0
1925,60.0,99,0.010000004319827631,60.9,99.0
1926,90.0,99,0.010000004276844627,61.2,99.0
1927,60.0,99,0.010000004234289312,61.2,99.0
1928,60.0,99,0.01000000419215743,61.2,99.0
1929,90.0,99,0.010000004150444766,61.5,99.0
1930,60.0,99,0.010000004109147151,61.5,99.0
1931,60.0,99,0.010000004068260454,61.5,99.0
1932,60.0,99,0.010000004027780587,61.5,99.0
1933,60.0,99,0.0100000039877035,61.5,99.0
1934,60.0,99,0.010000003948025186,61.5,99.0
1935,60.0,99,0.01000000390874168,61.5,99.0
1936,60.0,99,0.01000000386984905,61.5,99.0
1937,60.0,99,0.01000000383134341,61.5,99.0
1938,60.0,99,0.010000003793220904,61.5,99.0
1939,60.0,99,0.010000003755477726,61.5,99.0
1940,60.0,99,0.010000003718110098,61.5,99.0
1941,90.0,99,0.010000003681114285,61.8,99.0
1942,60.0,99,0.010000003644486586,61.8,99.0
1943,60.0,99,0.010000003608223338,61.8,99.0
1944,60.0,99,0.010000003572320917,61.8,99.0
1945,60.0,99,0.010000003536775728,61.8,99.0
1946,60.0,99,0.010000003501584222,61.8,99.0
1947,60.0,99,0.010000003466742877,61.8,99.0
1948,60.0,99,0.01000000343224821,61.8,99.0
1949,60.0,99,0.01000000339809677,61.8,99.0
1950,60.0,99,0.010000003364285142,61.8,99.0
1951,60.0,99,0.010000003330809946,61.8,99.0
1952,60.0,99,0.010000003297667832,61.8,99.0
1953,60.0,99,0.010000003264855489,61.8,99.0
1954,60.0,99,0.010000003232369634,61.8,99.0
1955,60.0,99,0.01000000320020702,61.8,99.0
1956,60.0,99,0.010000003168364427,61.8,99.0
1957,60.0,99,0.010000003136838674,61.8,99.0
1958,60.0,99,0.010000003105626609,61.8,99.0
1959,60.0,99,0.010000003074725107,61.8,99.0
1960,60.0,99,0.010000003044131081,61.8,99.0
1961,60.0,99,0.01000000301384147,61.8,99.0
1962,60.0,99,0.010000002983853246,61.8,99.0
1963,60.0,99,0.01000000295416341,61.8,99.0
1964,60.0,99,0.010000002924768993,61.8,99.0
1965,60.0,99,0.010000002895667057,61.8,99.0
1966,60.0,99,0.010000002866854688,61.8,99.0
1967,60.0,99,0.010000002838329006,61.8,99.0
1968,60.0,99,0.010000002810087161,61.8,99.0
1969,60.0,99,0.010000002782126326,61.8,99.0
1970,60.0,99,0.010000002754443708,61.8,99.0
1971,60.0,99,0.010000002727036534,61.8,99.0
1972,60.0,99,0.010000002699902068,61.8,99.0
1973,60.0,99,0.010000002673037594,61.8,99.0
1974,60.0,99,0.010000002646440425,61.8,99.0
1975,60.0,99,0.010000002620107903,61.8,99.0
1976,60.0,99,0.010000002594037393,61.8,99.0
1977,60.0,99,0.01000000256822629,61.8,99.0
1978,60.0,99,0.010000002542672012,61.8,99.0
1979,60.0,99,0.010000002517372002,61.8,99.0
1980,60.0,99,0.010000002492323733,61.8,99.0
1981,60.0,99,0.010000002467524697,61.8,99.0
1982,60.0,99,0.010000002442972417,61.8,99.0
1983,60.0,99,0.010000002418664434,61.8,99.0
1984,90.0,99,0.010000002394598322,62.1,99.0
1985,60.0,99,0.01000000237077167,62.1,99.0
1986,60.0,99,0.010000002347182098,62.1,99.0
1987,60.0,99,0.010000002323827245,62.1,99.0
1988,60.0,99,0.010000002300704778,62.1,99.0
1989,60.0,99,0.010000002277812383,62.1,99.0
1990,60.0,99,0.010000002255147772,62.1,99.0
1991,60.0,99,0.010000002232708676,62.1,99.0
1992,60.0,99,0.010000002210492853,62.1,99.0
1993,60.0,99,0.010000002188498083,62.1,99.0
1994,60.0,99,0.010000002166722161,62.1,99.0
1995,60.0,99,0.010000002145162916,62.1,99.0
1996,60.0,99,0.01000000212381819,62.1,99.0
1997,60.0,99,0.010000002102685845,62.1,99.0
1998,60.0,99,0.01000000208176377,62.1,99.0
1999,60.0,99,0.010000002061049876,62.1,99.0
